id,kd_suplier,kd_barang,gudang,qty
1,EXCEL01,QABAC01,global,2466
2,EXCEL01,AABAC03,global,1070
3,EXCEL01,AABAC04,global,580
4,EXCEL01,AABAC07,global,4965
5,ARTHA01,AABAC05,global,0
6,ADVAN01,QABAD02,global,4657
7,ADVAN01,QABAD01,global,1194
8,ADVAN01,AABEN01,global,964
9,ADVAN01,AABEN02,global,3845
10,ADVAN01,QABOJ02,global,0
11,ADVAN01,QABOJ01,global,17271
12,CORTE01,QACAP02,global,20650
13,SARAN08,AACCO03,global,1
14,SARAN08,QACCO02,global,1
15,BEN01,AACCO04,global,115
16,BEN01,AACCO04,global,0
17,IMTAS01,QACCU06,global,3
18,WIDJA01,AACCU01,global,1
19,IMTAS01,QACCU05,global,73
20,SINAR01,QACEO02,global,2033
21,SINAR01,QACEO04,global,1638
22,ADVAN01,QACHL01,global,120
23,ASIAN01,QACL02,global,261
24,ASIAN01,QACL01,global,562
25,BASFI01,AACRO01,global,46196
26,AGRON01,QACTI04,global,984
27,AGRON01,QACTI03,global,1860
28,BAYER01,AADEN01,global,0
29,ADVAN01,QADOC01,global,0
30,ADVAN01,QADOC03,global,0
31,BIOWO01,QADRI02,global,190
32,BIOWO01,QADRI01,global,52
33,ADVAN01,QAFON04,global,1684
34,ADVAN01,QAFON03,global,2165
35,ADVAN01,QAFON01,global,133
36,ADVAN01,QAFON02,global,628
37,AGROG01,QAGAP02,global,480
38,AGROG01,QAGAP01,global,500
39,ROYAL01,AAGIL01,global,0
40,ROYAL01,AAGIL02,global,0
41,BAYER01,QAGRI06,global,2058
42,SYNGE01,AAGRI01,global,0
43,SYNGE01,QAGRI07,global,13884
44,SYNGE01,QAGRI03,global,0
45,AGRIC02,AAGRI09,global,0
46,AGRIC02,AAGRI08,global,0
47,BAYER01,QAGRI04,global,569
48,GLOBA01,AAGRO08,global,27413
49,NONAM01,AGROM01,global,0
50,ADVAN01,AAGUS02,global,14238
51,ADVAN01,AAGUS01,global,10988
52,SINER01,QAGXA02,global,3185
53,SINER01,QAGXA01,global,2214
54,ADVAN01,QAJIN01,global,0
55,ADVAN01,QAKAL01,global,283
56,ADVAN01,AAKAL01,global,2167
57,ADVAN01,AAKAL02,global,1648
58,MAJUM01,QAKRO02,global,627
59,MAJUM01,QAKRO03,global,800
60,MAJUM01,AAKRO02,global,0
61,MAJUM01,QAKRO01,global,530
62,ASIAG01,QALAM02,global,0
63,ASIAG01,QALAM01,global,0
64,AGROD01,QALAT09,global,1
65,IMTAS01,QALAT07,global,0
66,IMTAS01,QALAT21,global,76
67,IMTAS01,QALAT06,global,0
68,SARAN04,QALAT19,global,0
69,STARM01,QALAT20,global,0
70,STARM01,AALAT04,global,0
71,STARM01,QALAT16,global,20
72,IMTAS01,QALAT15,global,1467
73,IMTAS01,QALAT17,global,73
74,IMTAS01,QALAT18,global,31
75,MAJUM01,QALEX02,global,0
76,MAJUM01,QALEX01,global,0
77,AGROG01,AALFA04,global,3740
78,AGROG01,AALFA03,global,2828
79,AGROG01,QALFA04,global,12584
80,DELIS01,QALIR01,global,0
81,SYNGE01,QALIK01,global,10490
82,SYNGE01,QALIK02,global,3988
83,SYNGE01,QALIK03,global,9849
84,SINAR01,QALMI03,global,0
85,SINAR01,QALMI04,global,0
86,SINAR01,QALMI02,global,0
87,SARIK02,QAMAB01,global,1332
88,SARIK02,QAMAB02,global,1162
89,ARTHA01,AAMAZ01,global,204
90,ARTHA01,AAMAZ02,global,0
91,BIOWO01,AAMBE01,global,806
92,BIOWO01,AAMBE02,global,425
93,ADILM01,QAMCO19,global,206
94,ADILM01,QAMCO17,global,9934
95,ADILM01,QAMCO18,global,860
96,ADILM01,QAMCO03,global,0
97,ADILM01,CAMCO07,global,0
98,ADILM01,CAMCO05,global,0
99,ADILM01,CAMCO06,global,0
100,ADILM01,AAMCO05,global,0
101,ADILM01,QAMCO12,global,86
102,ADILM01,CAMCO01,global,0
103,NONAM01,CAMCO04,global,0
104,ADILM01,CAMCO02,global,0
105,INTER01,AAMEG01,global,2801
106,CHEIL01,QAMIB06,global,385
107,CHEIL01,AAMIB01,global,335
108,CHEIL01,QAMIB05,global,641
109,CHEIL01,QAMIB04,global,269
110,CHEIL01,AAMIB02,global,265
111,CHEIL01,QAMIB03,global,567
112,CHEIL01,QAMIB02,global,309
113,CHEIL01,AAMIB03,global,185
114,CHEIL01,QAMIB01,global,405
115,TRIMA01,AAMIC01,global,11
116,AGROG01,AAMIN01,global,0
117,AGROG01,QAMIN05,global,100
118,AGROG01,QAMIN04,global,0
119,AGROG01,QAMIN04,global,199
120,AGROG01,AAMIN04,global,4
121,SYNGE01,QAMIS01,global,22
122,SYNGE01,AAMIS02,global,47671
123,SYNGE01,AAMIS03,global,21233
124,BIOWO01,AAMIT01,global,0
125,BINAG01,QAMMA04,global,0
126,BINAG01,QAMMA03,global,0
127,ADVAN01,AAMOL01,global,10052
128,ADVAN01,AAMOL02,global,5538
129,MITRA01,QAMOR01,global,0
130,MITRA01,QAMOR02,global,0
131,ADVAN01,QAMOT04,global,0
132,ADVAN01,QAMOT03,global,0
133,TIGAM01,QAMPA02,global,83
134,TIGAM01,QAMPA01,global,2725
135,TIGAM01,QAMPA03,global,144
136,ADVAN01,AAMUR02,global,0
137,ADVAN01,QAMUR01,global,706
138,ADVAN01,QAMUR02,global,210
139,ADVAN01,QAMUR02,global,210
140,MITRA01,QANDR02,global,168
141,MITRA01,QANDR03,global,230
142,MITRA01,QANDR01,global,1115
143,NONAM01,ZZAND01,global,0
144,NONAM01,ZZANDRO01,global,0
145,MAJUM01,QANET06,global,0
146,MAJUM01,AANET05,global,0
147,MAJUM01,QANET07,global,1217
148,MAJUM01,QANET04,global,1072
149,MAJUM01,QANET08,global,726
150,ADVAN01,QANMI01,global,200
151,ADVAN01,QANPH01,global,0
152,BAYER01,AANTR01,global,0
153,BAYER01,AANTR02,global,177
154,BAYER01,QANTR03,global,360
155,SYNGE01,AANVI02,global,0
156,SYNGE01,QANVI02,global,20
157,ADVAN01,AAPIS01,global,0
158,ADVAN01,QAPIS01,global,0
159,NONAM01,AAPOG01,global,0
160,PETRO01,AAPPL03,global,6291
161,PETRO01,QAPPL02,global,6963
162,ROYAL01,QAPRO03,global,0
163,ROYAL01,AAPRO03,global,0
164,ADVAN01,QAREN01,global,38175
165,ADVAN01,QAREN01,global,38175
166,ARTHA01,AARIZ03,global,11
167,MITRA26,AARIZ01,global,2
168,NONAM01,AARMA02,global,0
169,AGRON01,QARMA01,global,1491
170,AGRON01,AARMA01,global,7
171,MITRA09,QARME01,global,25096
172,BINAG01,QARRI02,global,0
173,BINAG01,QARRI03,global,0
174,BINAG01,QARRI01,global,0
175,LTS 01,AASAM01,global,7
176,TUNAS05,QASET04,global,690
177,TUNAS05,QASET03,global,1930
178,DELIS01,QASET02,global,1011
179,DELIS01,QASET01,global,0
180,ASIAN01,AASIA02,global,77
181,ASIAN01,AASIA03,global,5040
182,ASIAN01,QASIA02,global,372
183,ASIAN01,QASIA05,global,250
184,ASIAN01,QASIA08,global,116
185,ASIAN01,QASIA06,global,446
186,ASIAN01,QASIA07,global,60
187,ADVAN01,AASLI01,global,2191
188,ADVAN01,QASLI01,global,7051
189,NUFAR01,AASSO01,global,0
190,NUFAR01,QASSO01,global,4946
191,NUFAR01,AASSO04,global,6052
192,SINAR01,QASTA04,global,0
193,SINAR01,QASTA03,global,0
194,SINAR01,AASTA02,global,885
195,ADVAN01,AATHO01,global,0
196,ADVAN01,AATHO02,global,0
197,ADVAN01,QATNI03,global,0
198,ADVAN01,QATN02,global,0
199,ADVAN01,QATNI01,global,0
200,MITOK01,AATON05,global,21197
201,MITOK01,QATON09,global,3695
202,OATMI01,AATON08,global,23105
203,NUFAR01,QATRA01,global,0
204,TANIN01,QAURO03,global,264
205,SAPRO01,AAVID01,global,56475
206,TUNAS05,AAVOR01,global,0
207,JAWAA01,QAXIA01,global,1000
208,ADVAN01,QAYUN02,global,115
209,ADVAN01,QAZAT01,global,0
210,ADVAN01,QAZIZI01,global,240
211,SINAR13,QAZTR01,global,400
212,NONAM01,ZZBAAL01,global,0
213,SARIK02,CBABL02,global,0
214,SARIK02,CBABL03,global,0
215,SARIK02,QBABL07,global,0
216,SARIK02,CBABL01,global,0
217,LESTA01,QBACT02,global,9832
218,LESTA01,ABACT02,global,9904
219,NONAM01,ABAFI02,global,0
220,NONAM01,QBAGJA01,global,0
221,SURAB01,QBAGN01,global,45597
222,NONAM01,ZZBAJU02,global,0
223,NONAM01,ZZBAJU01,global,0
224,ZENIT01,QBALE01,global,509
225,ZENIT01,QBALE02,global,578
226,MAJUM01,ABAME03,global,2136
227,MAJUM01,QBAME03,global,811
228,MAJUM01,QBAME04,global,4573
229,NONAM01,ZZBANN05,global,0
230,NONAM01,ZZBANN03,global,0
231,NONAM01,ZZBANN02,global,0
232,BERB01,CBASC01,global,0
233,BEHNM01,QBASF04,global,206
234,BEHNM01,QBASF02,global,0
235,BEHNM01,QBASF03,global,1087
236,BEHNM01,QBASF01,global,317
237,BERB01,QBASG01,global,1206
238,BERB01,QBASG04,global,165
239,BERB01,QBASG02,global,0
240,BERB01,QBASG03,global,1908
241,CENTA01,QBASI01,global,0
242,BERB01,QBASR03,global,1785
243,BERB01,QBASR02,global,79
244,BERB01,QBASR01,global,620
245,AGROI01,QBAST03,global,216
246,SARAN04,QBATT01,global,8
247,WIDJA01,ABAUT01,global,100
248,GOLDE01,ABAUT02,global,18
249,GOLDE01,ABAUT03,global,6
250,BENIH01,QBAWA01,global,0
251,BENIH01,QBAYA11,global,0
252,BENIH01,ABAYA02,global,0
253,NONAM01,QBAYA13,global,0
254,BENIH01,QBAYA12,global,0
255,BENIH01,QBAYA03,global,0
256,BENIH01,QBAYA25,global,0
257,BENIH01,QBAYA04,global,0
258,BISII01,QBAYA07,global,0
259,BAYER01,ABAYC01,global,2709
260,BAYER01,QBAYF02,global,0
261,SINAR01,CBAZA01,global,0
262,SINAR01,CBAZA02,global,0
263,DHARM03,QBEEN06,global,0
264,DHARM03,QBEEN07,global,0
265,DHARM03,ABEEN01,global,0
266,DHARM03,ABEEN01,global,0
267,DHARM03,QBEEN01,global,0
268,DHARM03,QBEEN01,global,0
269,DHARM03,QBEEN09,global,359
270,DHARM03,QBEEN02,global,337
271,DHARM03,QBEEN05,global,0
272,DHARM03,QBEEN04,global,0
273,DHARM03,QBEEN08,global,228
274,INDOA01,QBEKA01,global,656
275,TANAM01,ABELL01,global,859
276,TANAM01,QBELL02,global,812
277,BAYER01,QBELT03,global,0
278,BAYER01,ABELT01,global,0
279,WIDJA01,ABELT02,global,9
280,KARUN03,ABENA01,global,2892
281,ASIAN01,QBENC01,global,158
282,ASIAN01,QBENC02,global,0
283,ASIAN01,QBENC02,global,143
284,ASIAN01,QBENC03,global,0
285,JAYAT04,QBENT07,global,0
286,WIDJA01,ABENT04,global,8
287,MAJUM01,QBERN04,global,77
288,MAJUM01,QBERN03,global,1054
289,TANAM01,ABERN04,global,0
290,TANAM01,QBERN06,global,974
291,TANAM01,QBERN05,global,3
292,SURYA02,QBERO01,global,0
293,DALZO01,QBEST03,global,0
294,PERSA01,QBETA03,global,840
295,ALFAB01,QBETA04,global,1120
296,ARTHA01,ABETT02,global,15
297,ARTHA01,QBETT01,global,921
298,LESTA01,ABIGG04,global,0
299,LESTA01,ABIGG08,global,8980
300,LESTA01,QBIGG04,global,48165
301,SARIK02,QBIGX05,global,0
302,SARIK02,QBIGX03,global,400
303,SARIK02,QBIGX04,global,120
304,WAHAN01,ABIOC01,global,0
305,WAHAN01,ABIOC02,global,95
306,WAHAN01,QBIOC02,global,140
307,WAHAN01,ABIOC03,global,191
308,WAHAN01,ABIOC04,global,480
309,SYNGE01,ABION01,global,0
310,SARIK02,CBION01,global,0
311,SARIK02,ABION02,global,10149
312,SARIK02,ABION03,global,12623
313,SARAN04,ABION10,global,99
314,MAJUM01,ABION11,global,2
315,BIOWO01,ABIOS02,global,209
316,BIOWO01,ABIOS03,global,328
317,BIOWO01,ABIOS01,global,80
318,PUTRA05,ABLAC02,global,382
319,PUTRA05,ABLAC03,global,583
320,WIDJA01,ABLAC01,global,83
321,AGRIC02,ABLAS03,global,0
322,AGRIC01,QBLAS01,global,3670
323,AGRIC01,ABLAS02,global,764
324,BENIH01,QBLEW03,global,0
325,EXCEL01,QBLUE01,global,773
326,BEHNM01,QBMCA01,global,100
327,BEHNM01,QBM F01,global,0
328,BEHNM01,QBM J01,global,4755
329,BEHNM01,QBML01,global,2972
330,BEHNM01,QBM P02,global,9398
331,BEHNM01,QBM P01,global,848
332,BEHNM01,QBM Z01,global,2002
333,STARM01,QBODY01,global,5
334,DHARM03,QBOMS01,global,0
335,PERSA01,QBONG01,global,218
336,PERSA01,QBONG03,global,200
337,PERSA01,QBONG02,global,290
338,TANIN01,QBOOM03,global,285
339,TANIN01,QBOOM04,global,0
340,BINAG01,QBORA01,global,43
341,BINAG01,QBORA02,global,0
342,SENTA01,CBORA02,global,0
343,SENTA01,QBORA04,global,0
344,AGROG01,ABORE04,global,4
345,TANIA04,CBORN01,global,0
346,ARTHA05,ABORO02,global,4
347,LESTA01,QBORO01,global,42353
348,MITRA09,ABOTO03,global,200
349,NONAM01,ZZBOTO02,global,0
350,NONAM01,ZZBOTO01,global,0
351,NONAM01,ZZBOTO03,global,0
352,NONAM01,ZZBOTO04,global,0
353,MITRA09,ABOTO04,global,600
354,MITRA09,ABOTO01,global,1100
355,MITRA09,ABOTO02,global,2219
356,SURYA02,QBRAP02,global,255
357,SURYA02,ABRAP02,global,563
358,MITRA01,ABRAS02,global,357
359,MITRA01,QBRAS02,global,1167
360,MITRA01,ABRAS01,global,610
361,JAWAA01,QBRAU03,global,21
362,JAWAA01,CBRAU03,global,0
363,JAWAA01,QBRAU01,global,40
364,JAWAA01,CBRAU01,global,0
365,JAWAA01,QBRAU02,global,192
366,JAWAA01,CBRAU02,global,0
367,SARIK02,QBRAV07,global,14
368,SARIK02,QBRAV01,global,64
369,SARIK02,QBRAV04,global,3415
370,SARIK02,QBRAV05,global,3415
371,SARIK02,QBRAV06,global,525
372,CORTE01,QBROA01,global,20445
373,NONAM01,ZZBROS07,global,0
374,NONAM01,ZZBROS02,global,0
375,NONAM01,QBROS01,global,0
376,NONAM01,ZZBROS03,global,0
377,NONAM01,ZZBROS04,global,0
378,NONAM01,ZZBROS05,global,0
379,NONAM01,ZZBUKU05,global,0
380,NONAM01,ZZBUKU07,global,0
381,NONAM01,ZZBUKU08,global,0
382,NONAM01,ZZBUKU06,global,0
383,N/A,ZZBUKU04,global,0
384,BENIH01,QBUNC05,global,135
385,BENIH01,QBUNC01,global,0
386,BISII01,ABUNC08,global,0
387,BENIH01,QBUNC09,global,0
388,ASIAN01,ABUNI01,global,251
389,STARM01,QBUSI01,global,5
390,BISII01,ACABE56,global,650
391,BENIH01,ACABE33,global,0
392,BISII01,ACABE55,global,0
393,BISII01,QCABE54,global,0
394,BENIH01,QCABE63,global,332
395,BISII01,QCABE21,global,72
396,BISII01,ACABE04,global,0
397,BENIH01,ACABE06,global,2951
398,BENIH01,QCABE68,global,2
399,BENIH01,QCABE58,global,0
400,BISII01,QCABE53,global,0
401,BISII02,QCABE59,global,276
402,BISII01,ACABE40,global,0
403,BISII01,QCABE60,global,0
404,BENIH01,QCABE70,global,690
405,MAJUM01,QCABE64,global,134
406,AURAS01,QCABE62,global,2015
407,MAJUM01,QCABE66,global,70
408,ADVAN02,QCABE67,global,0
409,MAJUM01,QCABE65,global,100
410,BENIH01,QCABE36,global,853
411,BISII02,QCABE69,global,552
412,BENIH01,QCABE52,global,0
413,BENIH01,ACABE15,global,1416
414,TANIM01,QCABE25,global,1
415,BENIH01,QCABE61,global,0
416,BASFI01,ACABR09,global,9217
417,BASFI01,QCABR02,global,5330
418,SYNGE01,QCALA01,global,0
419,SYNGE01,ACALA03,global,0
420,SYNGE01,QCALA03,global,0
421,MITRA25,ACALC01,global,1007
422,MITRA25,QCALC03,global,777
423,LAKAB01,ACALC02,global,4
424,KERTO01,QCALC01,global,0
425,MAJUM01,QCALG03,global,32
426,MAJUM01,QCALG01,global,1419
427,MAJUM01,QCALG02,global,0
428,ZENIT01,QCALI01,global,1317
429,ARTHA05,ACALS01,global,4
430,JAWAA01,CCAMI03,global,0
431,JAWAA01,CCAMI01,global,0
432,JAWAA01,CCAMI04,global,0
433,JAWAA01,CCAMI02,global,0
434,JAWAA01,QCAMI02,global,23
435,JAWAA01,QCAM01,global,1000
436,JAWAA01,QCAMI01,global,0
437,MITRA09,QCAST01,global,85955
438,MITRA09,QCAST02,global,2081
439,MITRA09,QCAST03,global,0
440,MITRA09,QCASTO05,global,0
441,MITRA09,QCAST04,global,35210
442,LILIS01,QCAUL06,global,4053
443,BISII01,QCAUL04,global,0
444,ERATA01,ACAUL03,global,0
445,BERB01,CCKEL01,global,0
446,PETRO01,QCEBA02,global,1617
447,PETRO01,QCEBA03,global,1553
448,PETRO01,QCEBA01,global,717
449,NONAM01,ZZCELA01,global,0
450,NONAM01,ZZCELA02,global,0
451,EXCEL01,QCELQ01,global,6926
452,EXCEL01,QCELQ03,global,0
453,EXCEL01,QCELQ02,global,3
454,CENTA01,QCENT10,global,0
455,CENTA01,CCENT01,global,0
456,CENTA01,QCENT12,global,0
457,CENTA01,QCENT13,global,0
458,CENTA01,QCENT02,global,0
459,NUFAR01,QCHAM01,global,7
460,SARAN04,QCHAR02,global,10
461,EXCEL01,ACHAR03,global,1
462,JAWAA01,QCHIE03,global,7
463,JAWAA01,QCHIE03,global,0
464,JAWAA01,QCHIE01,global,1437
465,JAWAA01,QCHIE02,global,291
466,DOWAG01,QCLIP03,global,0
467,DOWAG01,ACLIP02,global,0
468,DELIS01,ACOBR05,global,821
469,DELIS01,ACOBR07,global,65
470,DELIS01,ACOBR06,global,884
471,DELIS01,ACOBR02,global,0
472,DELIS01,ACOBR04,global,22
473,BAYER01,ACONF02,global,1137
474,BAYER01,ACONF03,global,0
475,BAYER01,ACONF04,global,0
476,BAYER01,QCONF06,global,0
477,TUNAS05,QCONT01,global,0
478,TANIN01,QCOPC06,global,0
479,DYRIZ01,QCOPP03,global,0
480,DYRIZ01,QCOPP02,global,0
481,DYRIZ01,QCOPP01,global,0
482,ZENIT01,QCORI02,global,3916
483,ZENIT01,QCORI01,global,6553
484,BAYER01,QCOUN03,global,0
485,BAYER01,QCOUN05,global,19
486,BAYER01,QCOUN06,global,0
487,AGROI01,QCOWI01,global,724
488,CATUR01,QCOYO02,global,230
489,CATUR01,QCOYO01,global,332
490,SYNGE01,QCRUI01,global,0
491,ARTHA05,ACUPR02,global,4
492,SYNGE01,ACURA01,global,440
493,SYNGE01,QCURA02,global,0
494,SYNGE01,ACURA02,global,0
495,BINAG01,ACURA04,global,589
496,ROYAL01,QCUST01,global,0
497,SYNGE01,QCYMB01,global,5000
498,SYNGE01,QCYMB02,global,500
499,SYNGE01,ACYMB01,global,1520
500,GLOBA01,QCYMO03,global,1280
501,FARMC01,QCYPE01,global,0
502,DALZO01,QDAMA01,global,0
503,MAJUM01,QDAME01,global,170
504,MAJUM01,QDAME02,global,493
505,BERB01,QDANA03,global,0
506,BERB01,QDANA01,global,746
507,BERB01,QDANA02,global,0
508,BAYER01,QDECI01,global,67
509,BAYER01,QDECI02,global,0
510,BAYER01,ADECI03,global,223
511,BAYER01,QDECI05,global,217
512,KALAT01,ADEKA01,global,7674
513,KALAT01,ADEKA03,global,0
514,KALAT01,QDEKA07,global,0
515,KALAT01,QDEKA03,global,1242
516,KALAT01,QDEKA04,global,110
517,KALAT01,QDEKA05,global,0
518,KALAT01,QDEKT03,global,0
519,KALAT01,QDEKT03,global,294
520,KALAT01,QDEKT01,global,297
521,KALAT01,QDEKT02,global,2749
522,SINAR01,ADELL03,global,0
523,SINAR01,QDELL04,global,95
524,SINAR01,QDELL01,global,0
525,NONAM01,ZZDEMO01,global,0
526,MITRA09,ZZDEMO07,global,0
527,MITRA09,QDEMO06,global,0
528,MITRA09,QDEMO07,global,0
529,MITRA09,ZZDEMO06,global,0
530,MITRA09,QDEMO08,global,0
531,MITRA09,ZZDEMO05,global,0
532,MULTI01,QDEMO09,global,400
533,MITRA09,QDESA03,global,0
534,MITRA09,QDESA03,global,13651
535,MITRA09,QDESA02,global,32629
536,NONAM01,ZZDETE01,global,0
537,NONAM01,ZZDETE02,global,0
538,MITRA25,QDEWA01,global,2040
539,MITRA25,QDEWA02,global,695
540,MITRA25,ADEWA01,global,3
541,ALISH01,ADINA02,global,1
542,IMTAS01,QDINA04,global,71
543,WIDJA01,ADINA01,global,4
544,STARM01,QDINA01,global,12
545,DHARM03,QDIND01,global,0
546,NONAM01,ZZDISP03,global,0
547,DOWAG01,ADITH01,global,0
548,DANKE01,QDKDU01,global,540
549,DANKE01,ADKFE02,global,1980
550,DANKE01,QDKFE01,global,5035
551,DANKE01,QDKFE03,global,1969
552,DANKE01,ADKZO02,global,77
553,DANKE01,ADKZO01,global,0
554,PETRO02,ADONE01,global,15
555,SARAN08,ADONK01,global,16
556,SARAN08,QDONK02,global,0
557,WIDJA01,ADOUB01,global,60
558,ADILM01,QDRYU03,global,0
559,ADILM01,QDRYU01,global,0
560,ADILM01,QDRYU02,global,0
561,TANIA04,CDUET01,global,0
562,TANIA04,CDUET02,global,0
563,EXCEL01,QDUMI01,global,0
564,EXCEL01,ADUMI01,global,1793
565,TANAM01,QDURU02,global,792
566,TANAM01,ADURU01,global,1182
567,DELTR01,QEDO01,global,1849
568,MITRA09,QELAZ02,global,48163
569,MITRA09,AELAZ02,global,55098
570,DALZO01,QELEC01,global,0
571,DALZO01,QELEC05,global,0
572,DALZO01,QELEC06,global,0
573,DALZO01,QELEC02,global,0
574,DALZO01,QELEC04,global,0
575,DALZO01,QELEC03,global,0
576,SYNGE01,QELES02,global,1700
577,SYNGE01,QELES01,global,220
578,SONGG03,AEM-401,global,3482
579,SONGG03,AEM-402,global,3168
580,SONGG03,AEM-406,global,0
581,SONGG03,AEM-403,global,2201
582,SONGG03,AEM-404,global,100
583,EXCEL01,QEMAC04,global,48
584,EXCEL01,CEMAC03,global,0
585,EXCEL01,AEMAC03,global,287
586,EXCEL01,CEMAC02,global,0
587,EXCEL01,AEMAC04,global,211
588,EXCEL01,CEMAC01,global,0
589,EXCEL01,AEMAC02,global,577
590,DELIS01,AEMAP07,global,375
591,DELIS01,AEMAP06,global,21
592,DELIS01,QEMAP05,global,515
593,DELIS01,QEMAP04,global,9
594,DELIS01,AEMAP02,global,9
595,DELIS01,QEMAP08,global,442
596,DELIS01,AEMAP01,global,194
597,DELIS01,QEMAP03,global,0
598,ASIAN01,QEMAP07,global,1335
599,NONAM01,ZZEMBE01,global,0
600,MAJUM01,QEMCL01,global,433
601,MAJUM01,QEMCL02,global,1648
602,DELIS01,AEMPO01,global,1
603,DOWAG01,QENDU03,global,0
604,CATUR01,QEROS02,global,5520
605,CATUR01,QEROS01,global,0
606,BAYER01,QETHR02,global,42
607,SINAR01,QEKST04,global,50
608,SINAR01,QEXTR02,global,0
609,SINAR01,QEXTR03,global,0
610,SINAR01,AEXTR02,global,0
611,WIDJA01,AFAN01,global,25
612,MULTI01,QFARG01,global,16
613,NUFAR01,QFAST07,global,0
614,REJEK04,QFAST08,global,2833
615,AGROI01,QFENP01,global,696
616,BEHNM01,QFENT05,global,0
617,BEHNM01,QFENT04,global,0
618,ASIAN01,AFENT03,global,0
619,ASIAN01,QFENT02,global,1274
620,MITRA01,QFENV01,global,3172
621,MITRA01,QFENV05,global,1569
622,MITRA01,AFENV02,global,6848
623,MITRA01,AFENV03,global,2715
624,JAWAA01,QFERA03,global,68
625,JAWAA01,QFERA02,global,0
626,BINAG01,AFERT06,global,0
627,BEHNM01,AFETR01,global,0
628,BEHNM01,QFETR02,global,716
629,SYNGE01,QFILI01,global,19248
630,SYNGE01,QFILI02,global,25673
631,TANIN01,QFITO10,global,0
632,TANIN01,QFITO09,global,0
633,GOLDE02,QFLAS01,global,10
634,ALFAB01,QFLAS02,global,1100
635,MITRA01,QFOLI04,global,3812
636,MITRA01,AFOLI06,global,271
637,MITRA01,QFOLI09,global,27
638,AGRON01,QFOND01,global,798
639,AGRON01,QFOND02,global,800
640,SINER01,QFONI01,global,480
641,SINAR01,QFORM01,global,1920
642,MITRA01,QFORS01,global,4
643,MITRA01,QFORS02,global,0
644,SYNGE01,QFORT02,global,0
645,MITRA25,AFORT01,global,5
646,BEHNM01,QFRUI01,global,208
647,LESTA01,QFUNG02,global,4323
648,MAJUM01,QFUTA04,global,100
649,MAJUM01,QFUTA03,global,0
650,MAJUM01,QFUTA01,global,0
651,MAJUM01,QFUTA02,global,0
652,KRIST01,QGABU01,global,823
653,KRIST01,QGACA01,global,145
654,KRIST01,QGAJA01,global,140
655,KRIST01,AGAJA02,global,40
656,KRIST01,QGAJE01,global,860
657,KARUN03,QGAPA01,global,425
658,JAWAA01,AGAPL03,global,5936
659,KRIST01,QGARE01,global,370
660,KRIST01,QGASA01,global,375
661,ROYAL01,AGALI03,global,0
662,ROYAL01,AGALI01,global,0
663,MAJUM01,QGALL12,global,329
664,MAJUM01,QGALL14,global,2210
665,MAJUM01,QGALL19,global,0
666,MAJUM01,QGALL22,global,0
667,MAJUM01,AGALL04,global,0
668,MAJUM01,QGALL03,global,2546
669,SARAN04,QGAME01,global,4471
670,SARAN04,QGAME03,global,441
671,SARAN04,QGAME02,global,2319
672,KALAT01,QGAND06,global,0
673,KALAT01,AGAND04,global,178485
674,KALAT01,QGAND02,global,45706
675,KALAT01,QGAND03,global,141000
676,KALAT01,QGAND04,global,40848
677,ZENIT01,QGANE01,global,0
678,ZENIT01,QGANE02,global,1596
679,ZENIT01,QGANE03,global,946
680,MITRA09,AGARD01,global,51149
681,NONAM01,ZZGELA01,global,0
682,NONAM01,ZZGELA03,global,0
683,NONAM01,ZZGELA06,global,0
684,NONAM01,ZZGELA07,global,0
685,SARIK02,QGEMA08,global,0
686,SARIK02,QGEMA07,global,0
687,SARIK02,CGEMA02,global,0
688,SARIK02,CGEMA03,global,0
689,SARIK02,QGEMA09,global,0
690,SARIK02,CGEMA04,global,0
691,SARIK02,AGEMI01,global,421
692,SINAR01,QGENI03,global,2
693,SINAR01,QGENI01,global,8616
694,SINAR01,QGENI02,global,122
695,MAJUM01,QGOLD15,global,0
696,MAJUM01,QGOLD17,global,0
697,MAJUM01,QGOLD20,global,0
698,MAJUM01,AGOLD14,global,0
699,MAJUM01,QGOLD07,global,465
700,MAJUM01,QGOLD19,global,864
701,MAJUM01,QGOLD18,global,0
702,MAJUM01,QGOLD21,global,4510
703,MAJUM01,AGGAM02,global,0
704,MAJUM01,QGGAM01,global,1120
705,MAJUM01,AGGAM01,global,0
706,MAJUM01,QGOLD16,global,706
707,MAJUM01,QGOLD16,global,706
708,MAJUM01,AGOLD13,global,0
709,MAJUM01,QGOLD09,global,296
710,MAJUM01,AGOLD11,global,0
711,MAJUM01,QGOLD13,global,34
712,MAJUM01,QGOLD10,global,139
713,SARIK02,QGIBA03,global,35
714,SARIK02,QGIBA01,global,3338
715,SARIK02,QGIBA02,global,397
716,NUFAR01,QGIBG03,global,17200
717,NUFAR01,AGIBG02,global,0
718,NUFAR01,QGIBG04,global,1155
719,SARAN04,QGRIB01,global,1801
720,SARAN04,QGRIB01,global,0
721,SARAN04,QGRIB03,global,800
722,NONAM01,AGIBR02,global,2418
723,NONAM01,AGIBR02,global,0
724,JAWAA01,CGLIF03,global,0
725,JAWAA01,CGLIF01,global,4628
726,JAWAA01,CGLIF04,global,0
727,JAWAA01,CGLIF02,global,0
728,JAWAA01,CGLIF05,global,0
729,NUFAR01,QGLOV02,global,508
730,NUFAR01,QGLOV03,global,1095
731,NUFAR01,AGLOV01,global,9312
732,ADILM01,QGLUF03,global,2160
733,INDOT01,AGLUF03,global,0
734,INDOT01,AGLUF02,global,0
735,INDOT01,AGLUF01,global,0
736,CENTA01,QGLYK01,global,1445
737,DOWAG01,AGOAL02,global,0
738,SAPRO03,QGOAL03,global,27533
739,SANIT01,QGOLD01,global,39
740,WAHAN01,AGOLD02,global,80
741,WAHAN01,AGOLD05,global,301
742,ASIAN01,QGOLD14,global,1474
743,RAGAM01,QGOLD03,global,0
744,JAVAK01,AGOOD01,global,0
745,JOHNN01,ZZGRAN01,global,0
746,TIGAM01,QGRAN01,global,25310
747,TIGAM01,AGRAN02,global,39050
748,SARIK02,QGRAS01,global,45
749,SARIK02,AGRAS01,global,21162
750,SARIK02,QGRAS03,global,323
751,ALFAB01,QGREE03,global,3313
752,ALFAB01,QGREE04,global,6140
753,DHARM03,QGREE02,global,0
754,DHARM03,QGREE01,global,0
755,UTOMO01,AGUNT02,global,51
756,UTOMO01,AGUNT01,global,17
757,UTOMO01,QGWMA05,global,428
758,UTOMO01,QGWMA02,global,925
759,UTOMO01,AGWSA01,global,21
760,UTOMO01,AGWVI02,global,2893
761,UTOMO01,QGWVI07,global,68
762,UTOMO01,QGWVI01,global,599
763,UTOMO01,QGWVI06,global,0
764,UTOMO01,QGWVI08,global,2317
765,UTOMO01,QGWVI04,global,0
766,NONAM01,XHANDP01,global,0
767,STARM01,QHAND01,global,11
768,NONAM01,ZZHAND08,global,0
769,MITRA25,QHARA01,global,720
770,AGROI01,QHER01,global,1193
771,TUNAS05,AHERO01,global,0
772,SINAR01,AHEXA05,global,3958
773,SINAR01,QHEXA04,global,202
774,SINAR01,QHEXA04,global,0
775,SINAR01,QHEXA07,global,457
776,SINAR01,QHEXA02,global,243
777,EXCEL01,QHEXA06,global,193
778,EXCEL01,QHEXA05,global,285
779,CENTA01,QHIDR01,global,0
780,MITRA25,AHIJA01,global,4
781,INDOF01,AHIPR01,global,8
782,INDOF01,QHIPR01,global,0
783,INDOF01,AHIPR02,global,0
784,SARIK02,QHOKK03,global,0
785,SARIK02,AHOKK01,global,1335
786,NONAM01,ZZHOND01,global,0
787,TUNAS05,QHOTS02,global,0
788,TUNAS05,QHOTS01,global,0
789,NONAM01,ZZHPOP01,global,0
790,NONAM01,ZZHUAN01,global,0
791,PILAR02,AIABA01,global,3
792,PILAR02,AILUT01,global,4
793,PILAR02,AISAD01,global,3
794,UTOMO01,QICEM02,global,0
795,UTOMO01,QICEM01,global,0
796,SYNGE01,QICON01,global,0
797,AGRON01,AIJOK01,global,17443
798,BEHNM01,QIMPE02,global,740
799,BEHNM01,AIMPE01,global,325
800,NONAM01,AIMUN01,global,0
801,NONAM01,AINAR01,global,0
802,SARAN08,QINDO04,global,480
803,FMCAG01,QINFI03,global,0
804,BASFI01,QINSU01,global,175899
805,BASFD01,QINSU02,global,0
806,NONAM01,AINTE01,global,0
807,NONAM01,AINTE01,global,0
808,NONAM01,AINTE01,global,0
809,INTER01,QINTE02,global,119
810,INTER01,QINTE04,global,115
811,INTER01,QINTE03,global,355
812,STARM01,AISIS01,global,202
813,ADVAN02,QJAGU63,global,0
814,ADVAN02,QJAGU63,global,0
815,ADVAN02,AJAGU56,global,14
816,ADVAN02,QJAGU85,global,0
817,BISII01,QJAGU03,global,0
818,BISII01,QJAGU03,global,0
819,BISII01,QJAGU92,global,0
820,BISII01,QJAGU92,global,214197
821,BISII01,QJAGU04,global,1300
822,BISII01,QJAGU50,global,0
823,BISII01,QJAGU31,global,0
824,BISII01,QJAGU62,global,237
825,NONAM01,AJAGU69,global,0
826,NONAM01,AJAGU69,global,2820
827,SUMBE01,QJAGU89,global,0
828,BISII01,AJAGU54,global,0
829,BISII01,AJAGU54,global,0
830,BISII01,QJAGU06,global,0
831,BISII01,QJAGU91,global,11000
832,BISII01,QJAGU67,global,11021
833,BISII01,QJAGU67,global,11021
834,BISII01,QJAGU86,global,0
835,BISII01,AJAGU67,global,224
836,NONAM01,AJAGU66,global,0
837,NONAM01,AJAGU66,global,6
838,BAYER01,QJAGU78,global,9841
839,BAYER01,QJAGU84,global,0
840,FORUM02,QJAGU51,global,0
841,NONAM01,AJAGU81,global,0
842,SURYA01,QJAGU74,global,0
843,SURYA01,QJAGU74,global,85
844,NONAM01,AJAGU68,global,0
845,MAJUM01,AJAGU75,global,0
846,AGRIM01,QJAGU64,global,330
847,BISII01,QJAGU93,global,0
848,BISII01,QJAGU88,global,470
849,BISII01,QJAGU55,global,908
850,BISII01,QJAGU56,global,892
851,ADVAN02,QJAGU73,global,0
852,ADVAN02,QJAGU79,global,0
853,ADVAN02,QJAGU79,global,0
854,BISII01,QJAGU44,global,1033
855,BISII01,AJAGU53,global,728
856,AGRIM01,QJAGU81,global,3999
857,BISII01,QJAGU47,global,0
858,BISII01,QJAGU47,global,1138
859,SYNGE02,AJAGU30,global,62680
860,SYNGE02,QJAGU87,global,10600
861,SYNGE02,QJAGU58,global,0
862,SYNGE02,AJAGU38,global,50780
863,SYNGE02,QJAGU94,global,16900
864,DUPON01,QJAGU70,global,3845
865,CORTE02,QJAGU71,global,0
866,AGRIM01,AJAGU29,global,0
867,AGRIM01,AJAGU29,global,0
868,AGRIM01,AJAGU39,global,4842
869,ADVAN02,QJAGU77,global,0
870,CRIND01,QJAGU76,global,0
871,CRIND01,QJAGU76,global,23165
872,REST01,QJAGU90,global,343
873,NONAM01,ZZJAKE01,global,0
874,JAVAK01,QJAKE01,global,27
875,NONAM01,ZZJAKE02,global,0
876,NONAM01,ZZJAKE03,global,0
877,NONAM01,ZZJAKE04,global,0
878,NONAM01,ZZJAMD07,global,0
879,NONAM01,ZZJAMD01,global,0
880,MIRAD,QJAMD01,global,213
881,MIRAD,QJAMD02,global,36
882,MIRAD,QJAMD03,global,70
883,NONAM01,ZZJAMD06,global,0
884,MAJUM01,QJAPR06,global,1080
885,MAJUM01,QJAPR04,global,650
886,WIDJA01,AJET 01,global,8
887,EXCEL01,QJOKE01,global,0
888,SEMIC01,QKACA15,global,0
889,BENIH01,AKACA06,global,0
890,BENIH01,QKACA06,global,0
891,BISII01,QKACA11,global,0
892,BISII01,QKACA07,global,0
893,NONAM01,ZZKALE02,global,0
894,NONAM01,ZZKALE03,global,0
895,NONAM01,ZZKALE53,global,0
896,NONAM01,ZZKALE09,global,0
897,NONAM01,ZZKALE51,global,0
898,NONAM01,ZZKALE17,global,0
899,NONAM01,ZZKALE46,global,0
900,NONAM01,ZZKALE55,global,0
901,NONAM01,ZZKALE10,global,0
902,NONAM01,ZZKALE47,global,0
903,NONAM01,ZZKALE52,global,0
904,NONAM01,ZZKALE04,global,0
905,NONAM01,ZZKALE18,global,0
906,AGROG01,QKALI09,global,1033
907,AGROG01,AKALI05,global,3
908,AGROG01,AKALI04,global,473
909,AGROG01,AKALI02,global,7833
910,NONAM01,ZZKAME01,global,0
911,BISII01,QKANG07,global,1595
912,BENIH01,QKANG11,global,20
913,BENIH01,QKANG10,global,0
914,SYNER01,AKANT02,global,1
915,SYNER01,AKANT01,global,1
916,SYNER01,AKANT05,global,1
917,SYNER01,AKANT03,global,1
918,SYNER01,AKANT04,global,1
919,SYNER01,AKANT06,global,2
920,NONAM01,ZZKAOS253,global,0
921,NONAM01,ZZKAOS267,global,0
922,NONAM01,ZZKAOS225,global,0
923,NONAM01,ZZKAOS258,global,0
924,NONAM01,ZZKAOS152,global,0
925,NONAM01,ZZKAOS04,global,0
926,NONAM01,ZZKAOS101,global,1500
927,NONAM01,ZZKAOS101,global,0
928,NONAM01,ZZKAOS06,global,0
929,NONAM01,ZZKAOS211,global,0
930,NONAM01,ZZKAOS240,global,0
931,NONAM01,ZZKAOS265,global,0
932,NONAM01,ZZKAOS220,global,0
933,NONAM01,ZZKAOS189,global,0
934,NONAM01,ZZKAOS243,global,0
935,NONAM01,ZZKAOS263,global,0
936,NONAM01,ZZKAOS13,global,0
937,JAVAK01,QKAOS11,global,140
938,LESTA01,ZZKAOS192,global,0
939,NONAM01,ZZKAOS90,global,0
940,NONAM01,ZZKAOS85,global,0
941,NONAM01,ZZKAOS15,global,0
942,NONAM01,ZZKAOS206,global,0
943,NONAM01,ZZKAOS169,global,0
944,NONAM01,ZZKAOS17,global,0
945,NONAM01,ZZKAOS82,global,0
946,NONAM01,ZZKAOS18,global,0
947,NONAM01,ZZKAOS186,global,0
948,NONAM01,ZZKAOS84,global,0
949,MAJUM01,ZZKAOS238,global,0
950,N/A,ZZKAOS212,global,0
951,N/A,ZZKAOS228,global,0
952,JAVAK01,QKAOS10,global,168
953,BEHNM01,ZZKAOS257,global,0
954,NONAM01,ZZKAOS222,global,0
955,NONAM01,ZZKAOS260,global,0
956,NONAM01,ZZKAOS227,global,0
957,NONAM01,ZZKAOS221,global,0
958,NONAM01,ZZKAOS237,global,0
959,NONAM01,ZZKAOS223,global,0
960,N/A,ZZKAOS205,global,0
961,NONAM01,ZZKAOS232,global,0
962,NONAM01,ZZKAOS195,global,3
963,NONAM01,ZZKAOS195,global,0
964,NONAM01,ZZKAOS29,global,0
965,NONAM01,ZZKAOS29,global,16
966,NONAM01,ZZKAOS99,global,0
967,NONAM01,ZZKAOS32,global,0
968,NONAM01,ZZKAOS268,global,0
969,NONAM01,ZZKAOS92,global,0
970,NONAM01,ZZKAOS160,global,0
971,NONAM01,ZZKAOS231,global,0
972,NONAM01,ZZKAOS34,global,0
973,NONAM01,ZZKAOS277,global,0
974,NONAM01,ZZKAOS261,global,0
975,NONAM01,ZZKAOS219,global,0
976,NONAM01,ZZKAOS218,global,0
977,NONAM01,ZZKAOS199,global,0
978,N/A,ZZKAOS198,global,0
979,NONAM01,ZZKAOS250,global,0
980,NONAM01,ZZKAOS235,global,0
981,NONAM01,ZZKAOS39,global,0
982,NONAM01,ZZKAOS41,global,0
983,NONAM01,ZZKAOS118,global,0
984,NONAM01,ZZKAOS42,global,0
985,NONAM01,ZZKAOS163,global,0
986,SAPRO03,ZZKAOS270,global,0
987,NONAM01,ZZKAOS252,global,0
988,SAPRO03,ZZKAOS272,global,0
989,NONAM01,ZZKAOS120,global,0
990,NONAM01,ZZKAOS214,global,0
991,NONAM01,ZZKAOS44,global,0
992,N/A,QKAOS03,global,1
993,MITRA09,QKAOS14,global,81
994,MITRA09,QKAOS13,global,0
995,NONAM01,ZZKAOS155,global,0
996,MITRA01,ZZKAOS269,global,0
997,NONAM01,ZZKAOS254,global,0
998,NONAM01,ZZKAOS201,global,0
999,NONAM01,ZZKAOS47,global,0
1000,NONAM01,ZZKAOS242,global,0
1001,NONAM01,ZZKAOS188,global,0
1002,NONAM01,ZZKAOS95,global,0
1003,NONAM01,ZZKAOS123,global,0
1004,NONAM01,ZZKAOS230,global,0
1005,NONAM01,ZZKAOS202,global,0
1006,NONAM01,ZZKAOS262,global,0
1007,NONAM01,ZZKAOS241,global,0
1008,SAPRO03,ZZKAOS264,global,0
1009,NONAM01,ZZKAOS52,global,0
1010,NONAM01,ZZKAOS266,global,0
1011,JAVAK01,QKAOS12,global,264
1012,NONAM01,ZZKAOS130,global,0
1013,SAPRO03,ZZKAOS236,global,0
1014,NONAM01,ZZKAOS168,global,0
1015,SUMBE01,ZZKAOS271,global,0
1016,NONAM01,ZZKAOS197,global,0
1017,NONAM01,ZZKAOS131,global,0
1018,NONAM01,ZZKAOS256,global,0
1019,NONAM01,ZZKAOS259,global,0
1020,NONAM01,ZZKAOS244,global,0
1021,NONAM01,ZZKAOS274,global,0
1022,NONAM01,ZZKAOS58,global,0
1023,SAPRO03,ZZKAO100,global,0
1024,NONAM01,ZZKAOS96,global,0
1025,NONAM01,ZZKAOS159,global,0
1026,NONAM01,ZZKAOS172,global,0
1027,NONAM01,ZZKAOS60,global,0
1028,PETRO02,ZZKAOS245,global,0
1029,SINAM01,ZZKAOS251,global,0
1030,NONAM01,ZZKAOS216,global,0
1031,AGROR01,ZZKAOS273,global,0
1032,NONAM01,ZZKAOS69,global,0
1033,NONAM01,ZZKAOS255,global,0
1034,NONAM01,ZZKAOS73,global,0
1035,NONAM01,ZZKAOS146,global,0
1036,NONAM01,ZZKAOS75,global,0
1037,TUNAS05,QKARB02,global,0
1038,STARM01,QKARB01,global,5
1039,STARM01,QKARE01,global,30
1040,JAWAA01,QKARI12,global,0
1041,JAWAA01,QKARI13,global,547
1042,JAWAA01,QKARI18,global,0
1043,JAWAA01,QKARI11,global,0
1044,JAWAA01,QKARI19,global,0
1045,JAWAA01,QKARI07,global,1214
1046,JAWAA01,QKARI07,global,0
1047,JAWAA01,QKARI06,global,0
1048,JAWAA01,QKARI16,global,392
1049,JAWAA01,QKARI17,global,0
1050,JAWAA01,QKARI09,global,392
1051,JAWAA01,QKARI15,global,278
1052,JAWAA01,QKARI08,global,278
1053,MAJUM01,QKARI01,global,13399
1054,MAJUM01,QKARI03,global,14024
1055,NONAM01,ZZKARU01,global,0
1056,SEAGR01,QKARU01,global,18574
1057,STARM01,QKATU01,global,100
1058,EXCEL01,QKELO01,global,0
1059,BIOWO01,QKELP01,global,227
1060,BIOWO01,QKELP04,global,401
1061,BIOWO01,QKELP04,global,0
1062,BIOWO01,QKELP03,global,399
1063,DELTA01,QKEME01,global,18
1064,NONAM01,ZZKEMEJ01,global,0
1065,KENSO01,QKENM01,global,1805
1066,KENSO01,QKENM06,global,747
1067,KENSO01,QKENM03,global,480
1068,KENSO01,QKENM02,global,0
1069,KENSO01,QKENM09,global,0
1070,KENSO01,QKENM08,global,0
1071,NONAM01,AKENB01,global,0
1072,KENSO01,QKENC02,global,1566
1073,KENSO01,QKENC01,global,427
1074,KENSO01,QKENM04,global,0
1075,KENSO01,QKENM07,global,747
1076,KENSO01,QKENM05,global,0
1077,EXCEL01,AKETA03,global,0
1078,EXCEL01,QKETA02,global,0
1079,EXCEL01,QKETA01,global,0
1080,ASIAG01,QKICK04,global,152
1081,ASIAG01,QKICK01,global,0
1082,NONAM01,AKILA01,global,0
1083,NONAM01,AKILA01,global,0
1084,SINAR01,QKING01,global,40
1085,SINAR01,QKING03,global,0
1086,SINAR01,QKING02,global,82
1087,NONAM01,XKUPAS01,global,0
1088,STARM01,AKLEP01,global,78
1089,STARM01,AKLEP02,global,100
1090,SYNGE01,QKLER03,global,0
1091,AGRON01,QKLOP02,global,0
1092,AGRON01,QKLOP01,global,14
1093,AGRON01,QKLOP03,global,160
1094,KERTO01,QKNO306,global,0
1095,SAPRO01,QKNO301,global,45
1096,SAPRO01,QKNO303,global,2807
1097,KERTO01,AKNO303,global,0
1098,DELIS01,AKNOC03,global,160
1099,DELIS01,QKNOC05,global,60
1100,DELIS01,AKNOC01,global,60
1101,DELIS01,QKNOCK06,global,308
1102,DELIS01,AKNOC02,global,0
1103,NONAM01,ZZKOMPO04,global,0
1104,NONAM01,XKOMPO01,global,0
1105,IMTAS01,AKONE01,global,40
1106,SINAR01,QKONS05,global,2900
1107,SINAR01,QKONS04,global,223
1108,SINAR01,QKONS02,global,764
1109,SINAR01,AKONS02,global,1040
1110,NONAM01,ZZKORE01,global,0
1111,SARIK02,CKOVI01,global,0
1112,OATMI01,AKOYO01,global,0
1113,STARM01,QKRAN01,global,476
1114,STARM01,QKRAN03,global,0
1115,STARM01,QKRAN02,global,295
1116,SYNER01,AKRES06,global,1
1117,SYNER01,AKRES05,global,1
1118,SARIK02,QKRES01,global,0
1119,SARIK02,CKRES01,global,0
1120,SARIK02,QKRES02,global,0
1121,SARIK02,CKRES02,global,0
1122,SARIK02,QKRES06,global,0
1123,SARIK02,QKRES07,global,0
1124,SARIK02,AKRES01,global,0
1125,SAPRO01,QKSPT02,global,17
1126,KERTO01,CKSPT01,global,0
1127,BISII01,AKUBI08,global,180
1128,TANIM01,AKUBI05,global,0
1129,ERATA01,AKUBI04,global,0
1130,TANIM01,AKUBI07,global,6975
1131,BAYER01,QKUBI21,global,4249
1132,AGRIM01,QKUBI10,global,0
1133,NONAM01,ZZKULK03,global,0
1134,NONAM01,ZZKULK21,global,0
1135,NONAM01,XKULKA01,global,0
1136,NONAM01,ZZKULK06,global,0
1137,NONAM01,ZZKULK15,global,0
1138,NONAM01,ZZKULK16,global,0
1139,NONAM01,ZZKUNC01,global,0
1140,NUFAR01,QKUPR01,global,166
1141,NUFAR01,AKUPR02,global,1766
1142,MITRA25,ALABA01,global,6
1143,MITRA25,ALABA02,global,5
1144,MITRA09,ALABE02,global,210
1145,MITRA09,ALABE01,global,1100
1146,MITRA09,ALABE03,global,600
1147,BENIH01,QLABU03,global,0
1148,EXCEL01,QLANC01,global,1395
1149,EXCEL01,QLANC03,global,194
1150,EXCEL01,QLANC02,global,405
1151,DUPON01,QLANN04,global,3475
1152,DUPON01,QLANN04,global,0
1153,DUPON01,ALANN05,global,36675
1154,DUPON01,ALANN05,global,0
1155,DUPON01,ALANN07,global,6315
1156,MITRA01,QLANN03,global,310
1157,NONAM01,ZZLAPT01,global,0
1158,CATUR01,QLARV06,global,0
1159,CATUR01,ALARV07,global,0
1160,MAJUM01,ALEMA01,global,2060
1161,MAJUM01,QLEMA02,global,1497
1162,JOHNN01,ALEMS01,global,0
1163,ASIAN01,QLICR03,global,137
1164,AGROI01,ALIDI02,global,0
1165,AGROI01,ALIDI01,global,3420
1166,AGROI01,QLIDI02,global,2424
1167,SINAR01,QLOGA03,global,370
1168,SINAR01,QLOGA07,global,1013
1169,SINAR01,ALOGA03,global,0
1170,SINAR01,ALOGA03,global,0
1171,SYNGE01,ALOGR01,global,0
1172,EXCEL01,QLOSM02,global,119
1173,EXCEL01,QLOSM01,global,0
1174,DUPON01,QLOYA01,global,3520
1175,MAJUM01,QLUDE02,global,912
1176,MAJUM01,QLUDE01,global,3298
1177,BAYER01,QLUNA02,global,65
1178,BAYER01,QLUNA01,global,0
1179,JAWAA01,QMACE01,global,5406
1180,GLOBA01,QMAES01,global,0
1181,GLOBA01,QMAES01,global,0
1182,GLOBA01,QMAES02,global,3373
1183,GLOBA01,QMAES02,global,0
1184,NONAM01,XMAGIC01,global,0
1185,TIGAM01,QMAGI03,global,50
1186,TIGAM01,QMAGI01,global,7031
1187,TIGAM01,QMAGI02,global,200
1188,ARTHA05,AMAGS01,global,4
1189,DHARM03,QMAKL01,global,0
1190,N/A,QMALA01,global,444
1191,TANIN01,QMAMI03,global,27
1192,TANIN01,QMAMI04,global,730
1193,MULTI01,QMAMI06,global,1860
1194,MULTI01,QMAMI08,global,201
1195,MULTI01,QMAMI07,global,920
1196,SINAR01,QMAND01,global,69
1197,SINAR01,AMAND01,global,0
1198,SINAR01,QMAND03,global,0
1199,NONAM01,ZZMANG01,global,0
1200,BENIH01,QMANI02,global,0
1201,MITRA25,QMANO01,global,4334
1202,MITRA25,AMANO02,global,4
1203,MITRA25,QMANO02,global,782
1204,CATUR01,QMANZ01,global,0
1205,CATUR01,AMANZ02,global,2090
1206,SAFEC01,AMARB01,global,0
1207,BINAG01,AMARS01,global,1519
1208,BINAG01,AMARS05,global,873
1209,BINAG01,AMARS03,global,5654
1210,BINAG01,AMARS06,global,1069
1211,BINAG01,QMARS04,global,0
1212,BINAG01,QMARS05,global,11464
1213,GLOBA01,QMART01,global,776
1214,DHARM03,QMAST02,global,0
1215,DHARM03,QMAST01,global,0
1216,SYNGE01,QMATA02,global,17585
1217,SYNGE01,QMATA03,global,34754
1218,SYNGE01,AMATA03,global,13131
1219,SYNGE01,QMATC01,global,0
1220,NONAM01,CMEGA03,global,0
1221,ASIAN01,QMEGA11,global,746
1222,ASIAN01,CMEGA01,global,0
1223,ASIAN01,QMEGA09,global,15851
1224,ASIAN01,CMEGA02,global,0
1225,ASIAN01,QMEGA10,global,719
1226,SARIK02,AMEGA01,global,2170
1227,NONAM01,ZZMEJA01,global,0
1228,BISII01,QMELO20,global,70
1229,BISII01,QMELO21,global,0
1230,BISII01,QMELO22,global,0
1231,BISII01,QMELO24,global,0
1232,BENIH01,QMELO11,global,1
1233,BENIH01,QMELO13,global,0
1234,BENIH01,QMELO16,global,0
1235,BENIH01,QMELO14,global,0
1236,BISII01,QMELO08,global,0
1237,AGRIM01,QMELO06,global,0
1238,AGRIM01,QMELO06,global,0
1239,BASFI01,QMELY01,global,0
1240,NONAM01,ZZMESIN01,global,0
1241,NONAM01,XMESIN01,global,0
1242,SINAR01,QMETA09,global,3011
1243,SINAR01,QMETA04,global,25
1244,SINAR01,QMETA03,global,1234
1245,SINAR01,AMETA06,global,49
1246,MITOK01,QMETA07,global,0
1247,MITOK01,QMETA08,global,0
1248,MITRA01,AMETI03,global,7825
1249,MITRA01,AMETI05,global,23340
1250,MITRA01,AMETI06,global,6829
1251,MITRA01,AMETI07,global,11779
1252,MITRA01,QMETI02,global,8981
1253,MITRA01,QMETI07,global,1788
1254,MITRA01,QMETI09,global,0
1255,SARIK02,QMETS05,global,0
1256,SARIK02,QMETS04,global,0
1257,MITRA01,QMETS06,global,0
1258,MITRA01,AMETS02,global,0
1259,MITRA01,CMETS04,global,0
1260,MITRA01,AMETS01,global,191869
1261,DELIS01,QMEXD05,global,82
1262,DELIS01,AMEXD03,global,82
1263,DELIS01,QMEXD12,global,0
1264,DELIS01,QMEXD06,global,151
1265,DELIS01,QMEXD13,global,0
1266,DELIS01,QMEXD07,global,615
1267,DELIS01,QMEXD14,global,0
1268,DELIS01,AMEXD04,global,333
1269,DELIS01,QMEXD15,global,0
1270,NONAM01,AMICR01,global,0
1271,ARTHA05,AMICR02,global,4
1272,LAKAB01,AMIKO01,global,4
1273,SYNGE01,QMINE01,global,1003
1274,SYNGE01,QMINE02,global,4135
1275,NONAM01,ZZMINI01,global,0
1276,NONAM01,ZZMINY25,global,0
1277,NONAM01,ZZMINY23,global,0
1278,NONAM01,ZZMINY20,global,0
1279,NONAM01,ZZMINY21,global,0
1280,NONAM01,ZZMINY18,global,0
1281,NONAM01,ZZMINY22,global,0
1282,NONAM01,ZZMINY24,global,0
1283,PETRO01,AMIPC03,global,62570
1284,PETRO01,AMIPC02,global,19657
1285,SAPRO01,AMKP01,global,7812
1286,SINAR01,AMONE03,global,0
1287,SINAR01,CMONE02,global,0
1288,SINAR01,QMONE06,global,309
1289,SINAR01,CMONE01,global,0
1290,SINAR01,QMONE01,global,245
1291,SINAR01,QMONE05,global,8
1292,SINAR01,CMONE03,global,0
1293,SINAR01,QMONE07,global,1788
1294,SARAN08,QMONK04,global,75
1295,INDOT02,QMONK01,global,0
1296,INDOT02,QMONK02,global,0
1297,INDOT02,QMONK03,global,0
1298,ARTHA01,AMONT01,global,9
1299,SENTA01,QMOPK02,global,0
1300,AGRIC01,QMOSP02,global,2878
1301,AGRIC01,QMOSP03,global,5574
1302,BAYER01,AMOVE01,global,0
1303,BAYER01,AMOVE02,global,0
1304,BAYER01,QMOVE04,global,1037
1305,BAYER01,QMOVE03,global,0
1306,MAJUM01,QMRQL01,global,638
1307,MAJUM01,QMRGL03,global,1924
1308,MAJUM01,QMRQL02,global,1230
1309,JAVAK01,QMULS53,global,0
1310,JAVAK01,QMULS55,global,0
1311,JAVAK01,QMULS57,global,268
#N/A
1313,JAVAK01,QMUL100,global,11
1314,JAVAK01,AMULS63,global,1
1315,JAVAK01,QMULS96,global,1
1316,JAVAK01,QMULS102,global,10
1317,JAVAK01,QMULS97,global,199
1318,JAVAK01,QMUL125,global,20
1319,JAVAK01,QMULS98,global,105
1320,JAVAK01,QMUL130,global,50
1321,JAVAK01,QMULS76,global,223
1322,JAVAK01,QMULS77,global,103
1323,JAVAK01,QMULS77,global,0
1324,JAVAK01,QMULS90,global,0
1325,JAVAK01,QMUL127,global,0
1326,JAVAK01,QMUL128,global,257
1327,JAVAK01,QMULS33,global,36
1328,JAVAK01,QMUL129,global,95
1329,JAVAK01,QMULS34,global,0
1330,JAVAK01,QMUL121,global,124
1331,JAVAK01,QMULS31,global,23
1332,JAVAK01,QMULS31,global,0
1333,JAVAK01,QMUL122,global,1
1334,JAVAK01,QMULS32,global,0
1335,JAVAK01,QMULS101,global,35
1336,JAVAK01,QMULS49,global,0
1337,SURYA03,QMULS50,global,0
1338,SURYA03,CMULS01,global,0
1339,TOMAN01,AMULS02,global,0
1340,TOMAN01,QMULS03,global,0
1341,TOMAN01,QMULS02,global,0
1342,PRIMA02,QMULS24,global,80
1343,PRIMA02,QMULS20,global,127
1344,PRIMA02,QMULS22,global,102
1345,PRIMA02,QMULS21,global,30
1346,PRIMA02,QMULS27,global,64
1347,PRIMA02,QMULS28,global,53
1348,JAVAK01,QMULS87,global,0
1349,JAVAK01,QMULS100,global,0
1350,JAVAK01,QMULS74,global,71
1351,JAVAK01,AMULS35,global,0
1352,JAVAK01,AMULS59,global,1
1353,JAVAK01,QMULS75,global,70
1354,JAVAK01,QMULS75,global,97
1355,JAVAK01,QMULS75,global,222
1356,JAVAK01,QMULS69,global,45
1357,JAVAK01,QMULS80,global,0
1358,JAVAK01,QMULS72,global,0
1359,JAVAK01,QMULS72,global,43
1360,JAVAK01,AMULS60,global,0
1361,JAVAK01,AMULS60,global,0
1362,JAVAK01,QMULS73,global,0
1363,JAVAK01,QMULS73,global,32
1364,JAVAK01,QMULS86,global,32
1365,JAVAK01,QMULS66,global,0
1366,JAVAK01,QMULS66,global,0
1367,JAVAK01,QMULS82,global,28
1368,NONAM01,AMULS102,global,29
1369,NONAM01,AMULS102,global,0
1370,KARUN03,AMULS53,global,2
1371,KARUN03,AMULS52,global,2
1372,JAVAK01,QMUL107,global,50
1373,JAVAK01,QMUL109,global,0
1374,JAVAK01,QMUL126,global,100
1375,JAVAK01,QMUL101,global,172
1376,JAVAK01,QMULS58,global,27
1377,JAVAK01,QMULS59,global,0
1378,MURNI01,AMULS37,global,1
1379,MURNI01,AMULS40,global,1
1380,MURNI01,AMULS43,global,1
1381,MURNI01,AMULS38,global,1
1382,MURNI01,AMULS41,global,1
1383,MURNI01,AMULS44,global,1
1384,MURNI01,AMULS39,global,1
1385,MURNI01,AMULS42,global,1
1386,MURNI01,AMULS45,global,1
1387,KARUN03,QMUL104,global,67
1388,KARUN03,QMUL105,global,57
1389,KARUN03,AMULS48,global,1
1390,KARUN03,QMUL102,global,2
1391,KARUN03,AMULS49,global,1
1392,KARUN03,QMUL103,global,118
1393,KARUN03,QMUL106,global,38
1394,KARUN03,QMUL07,global,33
1395,KARUN03,QMUL110,global,107
1396,KARUN03,QMUL111,global,135
1397,KARUN03,AMULS50,global,0
1398,KARUN03,QMUL108,global,0
1399,KARUN03,AMULS51,global,1
1400,KARUN03,QMUL09,global,156
1401,KARUN03,QMUL112,global,31
1402,KARUN03,QMUL113,global,22
1403,JAVAK01,QMUL131,global,0
1404,JAVAK01,QMUL132,global,0
1405,JAVAK01,QMULS37,global,48
1406,NONAM01,AMULS99,global,71
1407,NONAM01,AMULS99,global,0
1408,JAVAK01,AMULS47,global,8
1409,JAVAK01,AMULS55,global,48
1410,JAVAK01,AMULS55,global,48
1411,JAVAK01,QMULS93,global,45
1412,JAVAK01,QMUL115,global,6
1413,JAVAK01,QMUL117,global,1
1414,JAVAK01,QMUL116,global,17
1415,JAVAK01,QMUL120,global,0
1416,JAVAK01,AMULS67,global,0
1417,CENTA01,QMUPX03,global,0
1418,CENTA01,QMUPX02,global,0
1419,STARM01,QMURY01,global,40
1420,AGRON01,QMUTU01,global,479
1421,AGRON01,QMUTU01,global,479
1422,AGRON01,QMUTU02,global,0
1423,AGRON01,QMUTU03,global,0
1424,SAFEE03,QNANO01,global,23062
1425,BAYER01,QNATI02,global,2800
1426,BAYER01,QNATI03,global,0
1427,BAYER01,ANATI01,global,0
1428,NONAM01,ZZNAVA03,global,0
1429,NONAM01,ZZNAVA04,global,0
1430,NONAM01,ZZNAVA05,global,0
1431,SYNGE01,QNELV01,global,0
1432,MITRA01,QNEMA03,global,11
1433,MITRA01,QNEMA02,global,2616
1434,SINAR13,QNEOF04,global,36
1435,SINAR13,QNEOF02,global,0
1436,SINAR13,QNEOF01,global,0
1437,MITRA01,QNEOC03,global,3566
1438,MITRA01,QNEOC02,global,6604
1439,MITRA01,QNEOC01,global,21543
1440,UPLIN01,QNEOR01,global,956
1441,UPLIN01,ANEOR01,global,2
1442,MAJUM01,QNEPT02,global,0
1443,JOHNN01,ANEPT01,global,0
1444,JOHNN01,ANEPT01,global,0
1445,LESTA01,ANESH04,global,11364
1446,LESTA01,QNESH01,global,0
1447,MAJUM01,QNEWF01,global,550
1448,MAJUM01,QNEWF02,global,605
1449,MAJUM01,QNEWF03,global,577
1450,ARTHA01,ANEWN01,global,1
1451,PUPUK02,QNITR01,global,0
1452,NONAM01,ZZNOKI02,global,0
1453,NONAM01,ZZNOKI03,global,0
1454,NONAM01,ZZNOKI01,global,0
1455,IMTAS01,QNOSE03,global,10
1456,IMTAS01,QNOSE04,global,10
1457,IMTAS01,QNOSE05,global,10
1458,IMTAS01,QNOSE01,global,1355
1459,IMTAS01,QNOSE02,global,1831
1460,JAWAA01,QNOST05,global,7
1461,JAWAA01,QNOST01,global,10
1462,JAWAA01,QNOST01,global,0
1463,JAWAA01,QNOST04,global,30
1464,JAWAA01,QNOST02,global,107
1465,JAWAA01,QNOST02,global,0
1466,JAWAA01,QNOST03,global,0
1467,NONAM01,XNOTEB01,global,0
1468,NONAM01,ZZNOTEB01,global,0
1469,TANIN01,QNOXO10,global,2580
1470,TANIN01,CNOXO02,global,0
1471,TANIN01,CNOXO05,global,0
1472,TANIN01,CNOXO04,global,0
1473,TANIN01,CNOXO03,global,0
1474,STARM01,ANOZZ02,global,1160
1475,MULTI04,QNPKM12,global,219
1476,MULTI04,ANPKM06,global,0
1477,SAPRO03,QNPKM14,global,60
1478,MULTI04,QNPK124,global,0
1479,MULTI04,QNPK119,global,82
1480,MULTI04,QNPK121,global,0
1481,MULTI04,QNPKM13,global,76
1482,KERTO01,QNPKB11,global,0
1483,KERTO01,QNPKB06,global,0
1484,KERTO01,CNPKB01,global,0
1485,KERTO01,QNPKC05,global,0
1486,KERTO01,QNPKC07,global,0
1487,KERTO01,QNPKC08,global,0
1488,KERTO01,QNPKC11,global,0
1489,KERTO01,QNPKC02,global,0
1490,KERTO01,QNPKC12,global,0
1491,PIJAR01,ANPKD08,global,1
1492,SENTA01,CNPKM01,global,0
1493,MULTI01,QNPKM11,global,1600
1494,MULTI04,QNPKM08,global,165
1495,MULTI04,QNPKM06,global,0
1496,MULTI04,ANPKM01,global,0
1497,BEHNM01,QNPKN02,global,346
1498,BEHNM01,ANPKN04,global,810
1499,BEHNM01,QNPKN01,global,0
1500,SAPRO03,QNPKC13,global,0
1501,PUPUK01,ANPKP02,global,3
1502,PUPUK01,ANPKP01,global,1
1503,NUSAP01,ANPKS06,global,29
1504,NONAM01,ANPKS10,global,0
1505,NUSAP01,QNPKS08,global,35
1506,NUSAP01,ANPKS07,global,0
1507,NUSAP01,ANPKS02,global,50
1508,NUSAP01,CNPKS03,global,0
1509,NUSAP01,ANPKS05,global,365
1510,NONAM01,ANPKS09,global,0
1511,NUSAP01,CNPKS02,global,0
1512,NUSAP01,ANPKS03,global,84
1513,NUSAP01,QNPKS07,global,71
1514,NUSAP01,ANPKS01,global,30
1515,NUSAP01,CNPKS01,global,0
1516,NUSAP01,ANPKS04,global,751
1517,SINAR01,ANUCL01,global,0
1518,SINAR01,ANUCL02,global,0
1519,NUFAR01,QNUME01,global,1044
1520,ROYAL01,QODEO03,global,0
1521,PRIMA03,QOMNI01,global,980
1522,PRIMA03,QOMNI03,global,600
1523,PRIMA03,QOMNI02,global,490
1524,SINAR01,QONEU01,global,0
1525,SINAR01,QONEU02,global,0
1526,MAJUM01,QOPLO04,global,382
1527,MAJUM01,QOPLO03,global,1900
1528,MAJUM01,QOPLO02,global,1527
1529,MAJUM01,QOPLO01,global,1447
1530,ASIAN01,QORCA02,global,4
1531,ASIAN01,QORCA01,global,503
1532,ASIAN01,QORCA03,global,97
1533,SYNGE01,QORON01,global,6137
1534,KALAT01,QOSMO04,global,1697
1535,KALAT01,QOSMO03,global,1400
1536,KALAT01,QOSMO02,global,0
1537,KALAT01,QOSMO01,global,0
1538,KALAT01,QOSMO06,global,522
1539,KALAT01,QOSMO05,global,1468
1540,BISII01,AOYON03,global,0
1541,BENIH01,AOYON01,global,468
1542,ARTHA01,APACL02,global,3100
1543,BISII01,APADI06,global,92
1544,NUSA01,QPADI40,global,180
1545,BISII01,QPADI41,global,616
1546,AGRIM01,QPADI32,global,0
1547,AGRIM01,QPADI33,global,0
1548,BISII01,QPADI06,global,0
1549,NONAM01,QPADI36,global,0
1550,SURYA01,QPADI07,global,0
1551,NONAM01,QPADI35,global,0
1552,SURYA01,QPADI22,global,0
1553,SURYA01,QPADI22,global,1060
1554,SURYA01,APADI20,global,312
1555,SEMIC01,QPADI29,global,0
1556,NONAM01,APADI40,global,0
1557,RESTU03,QPADI31,global,0
1558,RESTU03,APADI13,global,0
1559,RESTU03,APADI16,global,2
1560,RESTU03,QPADI23,global,992
1561,RESTU03,QPADI18,global,0
1562,RESTU03,QPADI24,global,1
1563,RESTU03,QPADI26,global,0
1564,RESTU03,QPADI39,global,728
1565,RESTU03,APADI17,global,0
1566,RESTU03,QPADI17,global,1158
1567,RESTU03,QPADI37,global,0
1568,RESTU03,QPADI20,global,0
1569,RESTU03,APADI14,global,0
1570,RESTU03,QPADI34,global,0
1571,RESTU03,QPADI38,global,0
1572,KENSO01,QPAKE12,global,0
1573,KENSO01,QPAKE12,global,1239
1574,TANIN01,QPAKE03,global,0
1575,TANIN01,QPAKE13,global,662
1576,TANIN01,QPAKE04,global,695
1577,KENSO01,QPAKE10,global,148
1578,BASFI01,APAKE04,global,6422
1579,BASFI01,APAKE05,global,7667
1580,NUFAR01,QPAKE08,global,3438
1581,MAJUM01,APAKE10,global,0
1582,MAJUM01,QPAKE09,global,9970
1583,NONAM01,ZZPAKE02,global,0
1584,LESTA01,QPAKE07,global,4420
1585,JAWAA01,QPAKE11,global,573
1586,JAWAA01,APAKE06,global,0
1587,NONAM01,ZZPAKE04,global,0
1588,ASIAN01,QPANI01,global,1273
1589,TIGAM01,QPAPA03,global,62
1590,TIGAM01,APAPA01,global,3896
1591,TIGAM01,APAPA02,global,168
1592,KRIST01,QPARA07,global,0
1593,ADILM01,APARA03,global,11484
1594,ADILM01,QPARA06,global,2657
1595,ADILM01,QPARA08,global,200
1596,NONAM01,ZZPARC01,global,0
1597,NONAM01,ZZPARC02,global,0
1598,NONAM01,ZZPARC03,global,0
1599,NONAM01,ZZPARC04,global,0
1600,NONAM01,ZZPARC05,global,0
1601,NONAM01,ZZPARC07,global,0
1602,BENIH01,QPARE08,global,0
1603,BENIH01,APARE01,global,1176
1604,TUNAS05,QPASK04,global,327
1605,TUNAS05,QPASK02,global,967
1606,TUNAS05,QPASK05,global,159
1607,TANIM01,APASK01,global,3051
1608,TIGAM01,QPASS03,global,241
1609,NONAM01,APASS01,global,3173
1610,TIGAM01,QPASS02,global,276
1611,JAVAK01,QPAYU01,global,33
1612,NONAM01,ZZPAYU01,global,0
1613,NONAM01,XPCAMD01,global,0
1614,SYNGE01,APEGA01,global,23851
1615,IMTAS01,QPELA01,global,9
1616,SARAN04,QPELA02,global,15
1617,TUNAS05,QPELL02,global,0
1618,TUNAS05,QPELL01,global,0
1619,SATYA01,APENE01,global,0
1620,SATYA01,APENE02,global,0
1621,AGROT01,QPENG03,global,0
1622,AGROT01,QPENG02,global,0
1623,PRIMA03,QPENT01,global,1934
1624,PRIMA03,QPENT04,global,135
1625,PRIMA03,QPENT02,global,7010
1626,PRIMA03,QPENT03,global,548
1627,PRIMA03,QPENT05,global,0
1628,NONAM01,APENT01,global,74
1629,NONAM01,APENT03,global,48
1630,CENTA01,APENT02,global,80
1631,BENIH01,QPEPA02,global,0
1632,ZENIT01,QPERO03,global,1128
1633,ZENIT01,QPERO02,global,1521
1634,ZENIT01,QPERO01,global,2873
1635,PETRO01,QPETR01,global,78440
1636,PETRO01,APETR03,global,94211
1637,DUPON01,QPEXA03,global,0
1638,DUPON01,QPEXA01,global,0
1639,DUPON01,QPEXA02,global,422
1640,ARTHA01,APHEN01,global,3
1641,SAPRO01,QPHOS03,global,0
1642,CATUR01,QPHOS05,global,680
1643,CENTA01,QPILA05,global,0
1644,CENTA01,QPILA03,global,0
1645,CENTA01,QPILA04,global,0
1646,CENTA01,QPILL01,global,105
1647,JAWAA01,QPINA06,global,0
1648,JAWAA01,QPINA06,global,219
1649,JAWAA01,QPINA13,global,989
1650,JAWAA01,QPINA13,global,0
1651,JAWAA01,QPINA12,global,431
1652,JAWAA01,QPINA12,global,0
1653,JAWAA01,QPINA07,global,0
1654,JAWAA01,APINA02,global,431
1655,JAWAA01,QPINA11,global,1055
1656,JAWAA01,QPINA02,global,1055
1657,JAWAA01,QPINA10,global,1440
1658,JAWAA01,QPINA08,global,0
1659,JAWAA01,QPINA01,global,1440
1660,JAWAA01,QPINA09,global,0
1661,STARM01,APIPA01,global,80
1662,STARM01,QPIPA02,global,90
1663,STARM01,QPIPA01,global,36
1664,SARAN04,QPIPA03,global,15
1665,MITRA09,QPIRA03,global,0
1666,MITRA09,QPIRA03,global,26467
1667,MITRA09,QPIRA02,global,58767
1668,JAWAA01,APIRI05,global,5
1669,NONAM01,ZZPISA02,global,0
1670,NONAM01,ZZPISA01,global,0
1671,STARM01,QPITA01,global,1165
1672,TRIUS01,QPLAN07,global,0
1673,TRIUS01,QPLAN08,global,40
1674,TRIUS01,QPLAN09,global,117
1675,TRIUS01,QPLAN10,global,0
1676,TRIUS01,QPLAN21,global,0
1677,TRIUS01,QPLAN12,global,0
1678,TRIUS01,QPLAN05,global,162
1679,TRIUS01,QPLAN13,global,0
1680,TRIUS01,APLAN07,global,0
1681,TRIUS01,QPLAN15,global,0
1682,TRIUS01,QPLAN06,global,373
1683,TRIUS01,QPLAN24,global,0
1684,SYNGE01,APLEN01,global,20458
1685,SYNGE01,APLEN02,global,1
1686,DALZO01,QPOIN03,global,0
1687,NONAM01,APOIN02,global,9400
1688,NONAM01,APOIN02,global,0
1689,DALZO01,QPOIN02,global,0
1690,MITRA09,QPOLO01,global,0
1691,SURYA03,QPOLY49,global,0
1692,SURYA03,QPOLY13,global,0
1693,SURYA03,APOLY19,global,0
1694,SURYA03,QPOLY19,global,0
1695,SURYA03,APOLY14,global,0
1696,SURYA03,APOLY15,global,0
1697,SURYA03,QPOLY14,global,0
1698,SURYA03,APOLY16,global,0
1699,SURYA03,CPOLY16,global,0
1700,SURYA03,APOLY22,global,0
1701,SURYA03,APOLY17,global,0
1702,SURYA03,APOLY18,global,0
1703,SURYA03,APOLY24,global,0
1704,SURYA03,APOLY07,global,0
1705,SURYA03,APOLY08,global,0
1706,SURYA03,APOLY09,global,0
1707,SURYA03,QPOLY09,global,0
1708,JAVAK01,QPOLY32,global,100
1709,JAVAK01,QPOLY21,global,190
1710,JAVAK01,QPOLY41,global,419
1711,JAVAK01,QPOLY22,global,67
1712,JAVAK01,QPOLY31,global,249
1713,JAVAK01,QPOLY30,global,10
1714,JAVAK01,QPOLY38,global,0
1715,JAVAK01,QPOLY27,global,0
1716,JAVAK01,QPOLY26,global,0
1717,JAVAK01,QPOLY43,global,2700
1718,JAVAK01,QPOLY25,global,0
1719,JAVAK01,QPOLY24,global,0
1720,JAVAK01,QPOLY23,global,0
1721,JAVAK01,QPOLY34,global,1502
1722,JAVAK01,QPOLY33,global,0
1723,JAVAK01,QPOLY45,global,0
1724,JAVAK01,QPOLY42,global,0
1725,SYNER01,APOLY31,global,2
1726,SYNER01,APOLY32,global,2
1727,SYNER01,APOLY33,global,2
1728,SYNER01,APOLY34,global,1
1729,SYNER01,APOLY35,global,1
1730,SYNER01,APOLY36,global,1
1731,SYNER01,APOLY37,global,1
1732,SYNER01,APOLY38,global,1
1733,SYNER01,APOLY39,global,1
1734,NONAM01,APOMP02,global,4
1735,AGROI01,APOP01,global,386
1736,AGROI01,APOP02,global,1095
1737,NONAM01,ZZPOS05,global,0
1738,NONAM01,ZZPOS06,global,0
1739,NONAM01,ZZPOS07,global,0
1740,NONAM01,ZZPOS02,global,0
1741,STARM01,APOTT09,global,1
1742,STARM01,APOTT10,global,1
1743,STARM01,APOTT11,global,1
1744,STARM01,APOTT07,global,1
1745,STARM01,APOTT06,global,1
1746,STARM01,APOTT08,global,1
1747,STARM01,APOTT12,global,1
1748,IMTAS01,CPOTT01,global,50
1749,IMTAS01,CPOTT02,global,6210
1750,IMTAS01,CPOTT04,global,0
1751,IMTAS01,QPOTT10,global,4190
1752,IMTAS01,QPOTT06,global,0
1753,IMTAS01,CPOTT03,global,0
1754,IMTAS01,QPOTT08,global,0
1755,BINAG01,QPOUN01,global,408
1756,ALFAB01,QPOWE03,global,20
1757,DHARM03,QPOWE02,global,0
1758,WIDJA01,APOWE02,global,15
1759,DHARM03,QPOWE01,global,620
1760,DUPON01,QPREV01,global,8
1761,DUPON01,QPREV02,global,0
1762,SUBUR04,QPREV05,global,0
1763,BAYER01,APREV04,global,2543
1764,BAYER01,APREV06,global,792
1765,DUPON01,QPREZ01,global,0
1766,PRIMA03,QPRIM24,global,40
1767,PRIMA03,QPRIM26,global,0
1768,PRIMA03,QPRIM23,global,584
1769,PRIMA03,QPRIM25,global,0
1770,PRIMA03,QPRIM30,global,5840
1771,PRIMA03,QPRIM31,global,200
1772,PRIMA03,QPRIM29,global,970
1773,PRIMA03,QPRIM28,global,210
1774,PRIMA03,QPRIM27,global,200
1775,CENTA01,CPRIM02,global,0
1776,CENTA01,CPRIM01,global,0
1777,CENTA01,CPRIM03,global,0
1778,SYNGE01,APROC01,global,0
1779,SINAR01,QPROF03,global,419
1780,SINAR01,QPROF02,global,550
1781,SINAR01,QPROF01,global,0
1782,NONAM01,ZZPROL01,global,0
1783,TIGAM01,QPROM10,global,214
1784,TIGAM01,QPROM09,global,108
1785,MULTI01,CPROT02,global,0
1786,MULTI01,CPROT01,global,0
1787,WIDJA01,APUMP01,global,10
1788,LTS 01,APUPU14,global,3
1789,LTS 01,APUPU15,global,1
1790,KERTO01,QPUPU07,global,0
1791,MULTI04,APUPU08,global,0
1792,MULTI04,APUPU05,global,99
1793,MULTI04,QPUPU14,global,24
1794,MULTI04,APUPU13,global,0
1795,MULTI04,APUPU10,global,0
1796,JAVAK01,QPUPU09,global,671
1797,JAVAK01,QPUPU09,global,671
1798,JAVAK01,QPUPU11,global,37
1799,JAVAK01,QPUPU10,global,287
1800,SINER01,APUSH01,global,0
1801,SINER01,APUSH02,global,1366
1802,BINAG01,APYZE01,global,96
1803,JAWAA01,AQAIS02,global,2520
1804,JAWAA01,QQAIS03,global,1000
1805,MAJUM01,QQIUA04,global,500
1806,MAJUM01,AQIUA05,global,5
1807,MAJUM01,AQIUA02,global,5
1808,MAJUM01,AQIUA03,global,5
1809,MAJUM01,QQIUA03,global,435
1810,MAJUM01,QQIUA01,global,414
1811,MAJUM01,AQIUA01,global,0
1812,MAJUM01,QQIUA02,global,69
1813,MAJUM01,AQIUA04,global,5
1814,DELIS01,AQIUD01,global,4064
1815,DELIS01,AQIUD01,global,4064
1816,DELIS01,QQIUD02,global,700
1817,SARIK02,QQIUM07,global,775
1818,SARIK02,QQIUM08,global,1300
1819,SARIK02,AQIUM04,global,109
1820,SARIK02,QQIUM06,global,2285
1821,ALPHA01,QQIUM09,global,924
1822,ALPHA01,AQIUM11,global,1221
1823,DELIS01,QQIUN01,global,3373
1824,NONAM01,QQIUO01,global,0
1825,WAHAN01,AQIUO01,global,55
1826,ARTHA01,AQIUS02,global,1986
1827,ARTHA01,AQIUS01,global,2023
1828,DELIS01,AQIUT02,global,11
1829,NONAM01,QQIUV11,global,0
1830,SAPRO01,AQIUV04,global,5
1831,SAPRO01,AQIUV05,global,2758
1832,WAHAN01,QQIUV10,global,675
1833,WAHAN01,AQIUV14,global,744
1834,WAHAN01,QQIUV08,global,27
1835,WAHAN01,QQIUV09,global,341
1836,SAPRO01,QQIUV03,global,2247
1837,SAPRO01,QQIUV04,global,1906
1838,SAPRO01,AQIUV12,global,2846
1839,SAPRO01,AQIUV08,global,758
1840,BERB01,CQUAT04,global,0
1841,BERB01,CQUAT02,global,0
1842,BERB01,CQUAT01,global,0
1843,BERB01,CQUAT03,global,0
1844,SYNGE01,QQUIL01,global,0
1845,MUKTI01,QRAJA06,global,4
1846,MUKTI01,QRAJA05,global,2
1847,TANIN01,QRAMB04,global,0
1848,TANIN01,QRAMB01,global,0
1849,TANIN01,QRAMB02,global,0
1850,ARTHA01,ARATC03,global,8
1851,AGRIC01,ARATG01,global,726
1852,CATUR01,QRATO01,global,17055
1853,SINAR01,QREAC01,global,1
1854,SINAR01,QREAC02,global,19
1855,SINAR01,AREAC04,global,0
1856,BASFI01,AREGE02,global,0
1857,BASFI01,QREGE09,global,0
1858,BASFI01,AREGE07,global,152
1859,BASFI01,QREGE03,global,355
1860,ROYAL01,QREMA01,global,0
1861,ROYAL01,QREMA03,global,0
1862,ROYAL01,AREMA01,global,0
1863,ROYAL01,QREVU04,global,0
1864,ROYAL01,AREVU03,global,0
1865,SYNGE01,AREVU02,global,60
1866,NUSAM01,CREXM01,global,0
1867,NUSAM01,CREXM02,global,0
1868,NUSAM01,QREXR01,global,0
1869,BAYER01,ARICE01,global,0
1870,BAYER01,QRICE02,global,0
1871,BAYER01,QRICE03,global,9285
1872,BAYER01,ARICE03,global,4851
1873,SYNGE01,QRIDO02,global,20
1874,SYNGE01,ARIDO03,global,11855
1875,SYNGE01,QRIDO04,global,3293
1876,SYNGE01,ARIDO02,global,5807
1877,ROYAL01,ARIMO01,global,0
1878,IMTAS01,QRING01,global,40
1879,NONAM01,ARING01,global,6422
1880,STARM01,ARING02,global,90
1881,STARM01,ARING03,global,95
1882,AGRON01,QRIOM01,global,1480
1883,AGRON01,QRIOM02,global,415
1884,AGRON01,QROBU03,global,0
1885,AGRON01,AROBU01,global,0
1886,AGRON01,QROBU02,global,3059
1887,AGRON01,QROBU01,global,3068
1888,TANIN01,QROGE02,global,4040
1889,TANIN01,QROGE03,global,100
1890,MITRA01,AROTR02,global,4631
1891,MITRA01,AROTR01,global,3284
1892,NUFAR01,AROUN01,global,36
1893,NUFAR01,AROUN02,global,214
1894,NUFAR01,AROUN03,global,3
1895,NUFAR01,AROUN04,global,15701
1896,BERB01,QROUP01,global,1340
1897,BINAG01,QROVR01,global,0
1898,AGRON01,QROZA01,global,1274
1899,AGRON01,QROZA03,global,408
1900,AGRON01,QROZA02,global,865
1901,BAYER01,QRUMP01,global,11317
1902,BAYER01,QRUMP02,global,1379
1903,CATUR01,QSAAF01,global,878
1904,NONAM01,ZZSABU02,global,0
1905,NONAM01,ASAGR07,global,0
1906,SATYA01,QSAGR05,global,3627
1907,SATYA01,QSAGR06,global,1175
1908,SATYA01,QSAGR06,global,1175
1909,SATYA01,QSAGR07,global,2208
1910,SATYA01,QSAGR08,global,862
1911,SATYA01,QSAGR02,global,959
1912,SATYA01,QSAGR03,global,130
1913,SATYA01,ASAGR04,global,596
1914,NONAM01,ZZSAJA01,global,0
1915,TANIN01,QSAMI02,global,250
1916,TANIN01,QSAMI01,global,300
1917,SANTA02,ASANT05,global,0
1918,SAPRO01,ASAPR01,global,406
1919,STARM01,ASARI01,global,100
1920,STARM01,ASARI02,global,3
1921,TANIN01,QSARO01,global,0
1922,MULTI01,QSARO02,global,1580
1923,NONAM01,ZZSARU03,global,0
1924,NONAM01,ZZSARU24,global,0
1925,NONAM01,ZZSARU27,global,0
1926,NONAM01,ZZSARU22,global,0
1927,NONAM01,ZZSARU15,global,0
1928,NONAM01,ZZSARU20,global,0
1929,NONAM01,ZZSARU17,global,0
1930,JAVAK01,QSARU01,global,36
1931,NONAM01,ZZSARU25,global,0
1932,NONAM01,ZZSARU26,global,0
1933,NONAM01,ZZSARU23,global,0
1934,NONAM01,ZZSARU19,global,0
1935,NONAM01,ZZSARU09,global,0
1936,PETRO02,QSATG01,global,1839
1937,PETRO01,QSATU06,global,0
1938,PETRO01,QSATU05,global,653
1939,PETRO01,QSATU05,global,0
1940,PETRO01,QSATU03,global,7662
1941,PETRO01,QSATU02,global,6574
1942,PETRO01,QSATU02,global,0
1943,PERSA01,ASATY01,global,45
1944,BENIH01,QSAWI29,global,0
1945,BENIH01,ASAWI01,global,409
1946,NONAM01,ASAWI26,global,0
1947,BENIH01,QSAWI32,global,0
1948,BENIH01,QSAWI17,global,0
1949,BISII01,QSAWI23,global,0
1950,BENIH01,QSAWI06,global,800
1951,BENIH01,QSAWI30,global,0
1952,TAKII01,ASAWI19,global,17
1953,BISII01,QSAWI21,global,0
1954,SYNGE01,ASCOR01,global,89629
1955,SYNGE01,ASCOR02,global,28952
1956,SARIK02,QSCOR05,global,0
1957,WIDJA01,ASEAL01,global,20
1958,UTOMO01,QSEKO02,global,24
1959,BENIH01,QSELA12,global,0
1960,BENIH01,QSELA11,global,0
1961,BENIH01,QSELA05,global,0
1962,NONAM01,QSELA13,global,0
1963,GOLDE01,ASELA02,global,2
1964,MURNI01,ASELA10,global,1
1965,MURNI01,ASELA11,global,1
1966,MURNI01,ASELA12,global,1
1967,MURNI01,ASELA13,global,1
1968,MURNI01,ASELA09,global,1
1969,MURNI01,ASELA08,global,1
1970,STARM01,QSELA01,global,817
1971,SARAN04,QSELA10,global,15
1972,STARM01,QSELA02,global,175
1973,NONAM01,ZZSEPE45,global,0
1974,NONAM01,ZZSEPE40,global,0
1975,NONAM01,ZZSEPE13,global,0
1976,NONAM01,ZZSEPE14,global,0
1977,NONAM01,ZZSEPE15,global,0
1978,NONAM01,QSEPE03,global,0
1979,NONAM01,ZZSEPE34,global,0
1980,NONAM01,ZZSEPE30,global,0
1981,NONAM01,ZZSEPE29,global,0
1982,NONAM01,ZZSEPE33,global,0
1983,NONAM01,ZZSEPE32,global,0
1984,NONAM01,ZZSEPE31,global,0
1985,NONAM01,XSEPED04,global,0
1986,NONAM01,ZZSEPE38,global,0
1987,NONAM01,ZZSEPE44,global,0
1988,NONAM01,ZZSEPE42,global,0
1989,NONAM01,ZZSEPE43,global,0
1990,FORUM02,ASEPE01,global,0
1991,NONAM01,ZZSEPE41,global,0
1992,NONAM01,XSETRI01,global,0
1993,AGRIC01,QSEVI02,global,20865
1994,AGRIC01,QSEVI03,global,1060
1995,MAJUM01,QSG0101,global,835
1996,MAJUM01,QSG0502,global,2290
1997,MAJUM01,ASG0501,global,344
1998,ARTHA01,ASHAL01,global,40
1999,PETRO02,QSIDA08,global,1640
2000,PETRO02,QSIDA11,global,0
2001,PETRO02,QSIDA10,global,0
2002,PETRO02,QSIDA09,global,0
2003,NONAM01,QSIGN01,global,0
2004,NUFAR01,ASIKL01,global,2745
2005,ARTHA05,ASILI01,global,4
2006,EXCEL01,CSILO02,global,0
2007,EXCEL01,CSILO01,global,0
2008,SYNGE01,QSIMO01,global,70050
2009,SINAM01,QSINA07,global,6188
2010,SINAR01,QSINA02,global,0
2011,SINAR01,CSINA01,global,0
2012,SINAR01,CSINA02,global,0
2013,SINAM01,QSINA08,global,2680
2014,SINAM01,ASINA02,global,6
2015,NUFAR01,QSINE02,global,1961
2016,NUFAR01,QSINE01,global,1140
2017,SINER01,QSINT01,global,9320
2018,BAYER01,QSIVA01,global,44
2019,BAYER01,QSIVA02,global,0
2020,BAYER01,QSIVA03,global,0
2021,SINAR01,QSKIE02,global,0
2022,SINAR01,QSKIE02,global,0
2023,SINAR01,QSKIE01,global,0
2024,SINAR01,QSKIE01,global,0
2025,ADILM01,CSLAY03,global,0
2026,ADILM01,CSLAY01,global,0
2027,ADILM01,CSLAY02,global,0
2028,BISII01,QSMK19,global,0
2029,BENIH01,QSMK31,global,1951
2030,BENIH01,QSMK33,global,0
2031,BISII01,ASMK20,global,2
2032,BENIH01,QSMK08,global,0
2033,BENIH01,QSMK27,global,74
2034,BENIH01,QSMK24,global,16072
2035,BENIH01,QSMK07,global,1040
2036,BISII01,QSMK17,global,0
2037,BISII01,QSMK32,global,0
2038,BISII01,QSEED04,global,0
2039,BISII01,QSEED01,global,131
2040,BISII01,QSEED03,global,0
2041,BISII01,QSMK34,global,0
2042,BISII01,QSMK29,global,0
2043,ARTHA01,ASNOW01,global,7
2044,ASIAN01,QSOFI03,global,1
2045,ASIAN01,QSOFI02,global,607
2046,ASIAN01,QSOFI04,global,444
2047,MAJUM01,QSOFI01,global,0
2048,DALZO01,ASORE01,global,1
2049,MAJUM01,QSORT06,global,19
2050,NONAM01,ZZSPAN04,global,0
2051,NONAM01,ZZSPAN11,global,0
2052,NONAM01,ZZSPAN12,global,0
2053,NONAM01,ZZSPAN07,global,0
2054,NONAM01,ZZSPAN13,global,0
2055,NONAM01,ZZSPAN14,global,0
2056,NONAM01,ASPIE01,global,24
2057,NONAM01,ASPIN01,global,115
2058,AGRIC01,ASPON03,global,7235
2059,AGRIC01,QSPON01,global,8605
2060,AGRIC01,QSPON02,global,4
2061,ASIAN01,QSPON08,global,45
2062,ASIAN01,QSPON07,global,631
2063,ASIAN01,QSPON06,global,0
2064,JAWAA01,QSPRA21,global,1430
2065,JAWAA01,QSPRA24,global,76
2066,JAWAA01,QSPRA23,global,561
2067,JAWAA01,QSPRA22,global,165
2068,SARAN04,QSPRA43,global,0
2069,ALISH01,ASPRA01,global,0
2070,IMTAS01,QSPRA38,global,3
2071,IMTAS01,QSPRA28,global,1
2072,CENTA01,QSPRA44,global,57
2073,CENTA01,QSPRA44,global,0
2074,IMTAS01,QSPRA41,global,154
2075,IMTAS01,ASPRA13,global,236
2076,IMTAS01,QSPRA40,global,249
2077,IMTAS01,QSPRA49,global,293
2078,CENTA01,CSPRA01,global,0
2079,IMTAS01,QSPRA14,global,0
2080,IMTAS01,QSPRA32,global,2191
2081,IMTAS01,QSPRA48,global,400
2082,IMTAS01,QSPRA46,global,1293
2083,IMTAS01,QSPRA12,global,27
2084,NONAM01,ASPRA41,global,1
2085,NONAM01,ASPRA41,global,0
2086,CENTA01,QSPRA47,global,0
2087,CENTA01,QSPRA47,global,0
2088,WIDJA01,ASPUY01,global,1
2089,WIDJA01,ASPUY03,global,1
2090,WIDJA01,ASPUY04,global,12
2091,STARM01,ASPUY05,global,54
2092,JAWAA01,QSPYK03,global,168
2093,JAWAA01,QSPYK01,global,4046
2094,JAWAA01,QSPYK02,global,452
2095,WIDJA01,ASTAI01,global,81
2096,NONAM01,ZZSTAN02,global,0
2097,CATUR03,ASTAR07,global,9
2098,BINAG01,QSTAR11,global,0
2099,ADILM01,QSTAR01,global,508
2100,ADILM01,ASTAR02,global,6609
2101,ADILM01,QSTAR05,global,1224
2102,DHARM03,QSTAR12,global,0
2103,GOLDE01,ASTIC01,global,21
2104,SINAR01,ASTIC04,global,0
2105,NONAM01,ASTIC03,global,0
2106,PANEN03,QSUGO04,global,0
2107,PANEN03,QSUGO02,global,0
2108,PANEN03,QSUGO01,global,0
2109,PANEN03,QSUGO03,global,0
2110,KRIST01,QSUIC03,global,777
2111,KRIST01,QSUIC02,global,488
2112,KRIST01,QSUIC01,global,0
2113,NONAM01,ASUPE07,global,0
2114,NONAM01,ASUPE08,global,0
2115,BERB01,CSUPO02,global,0
2116,BERB01,CSUPO01,global,0
2117,BERKA01,QSUPR03,global,0
2118,AGROI01,QSWIT01,global,0
2119,AGRON01,ASYMB02,global,5492
2120,AGRON01,ASYMB02,global,5492
2121,AGRON01,QSYMB03,global,4962
2122,AGRON01,QSYMB02,global,3
2123,AGRON01,QSYMB02,global,3
2124,ADVAN01,QSYMP02,global,785
2125,ADVAN01,QSYMP01,global,860
2126,NONAM01,ZZT-SH06,global,0
2127,NONAM01,ZZT-SH04,global,0
2128,NONAM01,ZZT-SH07,global,0
2129,NONAM01,ZZT-SH02,global,0
2130,NONAM01,ZZT-SH01,global,0
2131,NONAM01,ZZT-SH03,global,0
2132,NONAM01,ZZT-SH05,global,0
2133,SARAN04,QTABU02,global,10
2134,NONAM01,ATABU01,global,1
2135,KENSO01,QTAEK01,global,360
2136,IMTAS01,QTALI07,global,10
2137,KARUN03,CTALI01,global,0
2138,KARUN03,QTALI06,global,1499
2139,SARAN04,QTALI08,global,10
2140,GOLDE01,ATALI07,global,1
2141,STARM01,ATALI01,global,28
2142,KELUD01,ATALI09,global,147
2143,KELUD01,ATALI10,global,85
2144,ABADI02,QTALI04,global,479.4
2145,TUNAS05,QTAMI01,global,0
2146,TUNAS05,QTAMO01,global,0
2147,TUNAS05,QTAMP02,global,0
2148,TUNAS05,QTAMP01,global,70
2149,TUNAS05,QTAMP04,global,22
2150,TUNAS05,QTAMP03,global,1683
2151,TUNAS05,QTAMU01,global,0
2152,TUNAS05,QTAMU02,global,0
2153,NONAM01,ZZTANG01,global,0
2154,STARM01,QTANG54,global,18
2155,STARM01,QTANG43,global,27
2156,CENTA01,ATANG53,global,0
2157,STARM01,QTANG59,global,71
2158,STARM01,CTANG02,global,0
2159,STARM01,QTANG49,global,669
2160,STARM01,ATANG60,global,0
2161,STARM01,QTANG51,global,171
2162,STARM01,QTANG58,global,488
2163,STARM01,ATANG27,global,0
2164,STARM01,QTANG50,global,0
2165,TRIMA01,ATANG57,global,8
2166,GADAS01,ATANG41,global,0
2167,GADAS01,ATANG36,global,0
2168,STARM01,ATANG42,global,1
2169,GOLDE01,ATANG45,global,1
2170,GOLDE01,QTANG41,global,0
2171,GOLDE01,ATANG54,global,0
2172,GOLDE01,QTANG56,global,4
2173,GOLDE01,QTANG55,global,17
2174,NONAM01,QTANG57,global,0
2175,GOLDE01,QTANG52,global,20
2176,STARM01,QTANG48,global,189
2177,STARM01,QTANG47,global,70
2178,WIDJA01,ATANG21,global,1
2179,STARM01,ATANG33,global,1
2180,STARM01,ATANG24,global,570
2181,STARM01,ATANG51,global,0
2182,STARM01,QTANG45,global,0
2183,STARM01,ATANG17,global,496
2184,STARM01,ATANG20,global,62
2185,PETRO01,QTERM06,global,0
2186,PETRO01,QTERM05,global,0
2187,PETRO01,QTERM01,global,9855
2188,PETRO01,QTERM02,global,14501
2189,GLOBA01,QTERM04,global,70
2190,GLOBA01,QTERM03,global,42
2191,BISII01,QTERO14,global,0
2192,BENIH01,QTERO21,global,0
2193,BENIH01,QTERO22,global,0
2194,BENIH01,ATERO01,global,419
2195,BENIH01,ATERO02,global,0
2196,BENIH01,ATERO03,global,0
2197,BISII01,QTERO13,global,0
2198,BENIH01,QTERO20,global,0
2199,BENIH01,QTERO19,global,0
2200,BENIH01,ATERO04,global,0
2201,LAKAB01,ATRIC01,global,0
2202,AGRIC01,QTHRO02,global,10
2203,AGRIC01,QTHRO03,global,1307
2204,AGRIC01,QTHRO04,global,1582
2205,BINAG01,QTIGO01,global,0
2206,DELIS01,ATIEZ02,global,0
2207,DELIS01,ATIEZ03,global,0
2208,DELIS01,ATIEZ01,global,0
2209,SINAR01,QTIMT03,global,0
2210,ADVAN02,QTIMU32,global,0
2211,BISII01,QTIMU11,global,80
2212,BISII01,ATIMU20,global,0
2213,BISII01,QTIMU24,global,26
2214,BENIH01,ATIMU03,global,0
2215,BENIH01,QTIMU29,global,612
2216,BENIH01,QTIMU29,global,612
2217,BENIH01,ATIMU05,global,0
2218,BENIH01,ATIMU05,global,0
2219,TANAM01,ATINK01,global,0
2220,TANAM01,QTINK01,global,772
2221,NUFAR01,ATOBA01,global,0
2222,BENIH01,QTOMA13,global,0
2223,BISII01,QTOMA29,global,250
2224,BISII01,QTOMA26,global,0
2225,BENIH01,QTOMA02,global,0
2226,BENIH01,QTOMA23,global,0
2227,PETRO01,QTOMB02,global,0
2228,IMTAS01,QTOMB01,global,10
2229,ASIAN01,QTOPB02,global,248
2230,ASIAN01,QTOPB02,global,248
2231,ASIAN01,QTOPB01,global,187
2232,NONAM01,ZZTOPI01,global,0
2233,NONAM01,ZZTOPI12,global,0
2234,NONAM01,ZZTOPI14,global,0
2235,NONAM01,ZZTOPI04,global,0
2236,NONAM01,ZZTOPI16,global,0
2237,NONAM01,ZZTOPI06,global,0
2238,NONAM01,ZZTOPI11,global,0
2239,NONAM01,ZZTOPI07,global,0
2240,NONAM01,ZZTOPI15,global,0
2241,NONAM01,ZZTOPI10,global,0
2242,SINAR01,QTOPI01,global,484
2243,SINAR01,QTOPI03,global,2270
2244,SARIK02,QTOPJ03,global,136
2245,SARIK02,CTOPJ06,global,0
2246,SARIK02,CTOPJ03,global,0
2247,SARIK02,CTOPJ04,global,0
2248,SARIK02,CTOPJ01,global,0
2249,SARIK02,QTOPJ01,global,10926
2250,SARIK02,QTOPJ02,global,352
2251,SARIK02,CTOPJ05,global,0
2252,SARIK02,CTOPJ02,global,0
2253,SARIK02,CTOPN01,global,0
2254,TRISN01,ATOPS02,global,1561
2255,NONAM01,ATOPSI01,global,0
2256,TRISN01,ATOPS04,global,10370
2257,PETRO01,QTOPS10,global,3585
2258,PETRO01,QTOPS07,global,7099
2259,MITRA01,QTOPS02,global,804
2260,SINAR13,ATORI01,global,23
2261,ALISH01,ATOXA01,global,0
2262,LAKAB01,ATRIC02,global,8
2263,TANIN01,QTRIC03,global,0
2264,SYNGE01,QTRIG01,global,10570
2265,SYNGE01,QTRIG02,global,13660
2266,AGRON01,QTRIP01,global,828
2267,DHARM03,QTRIP04,global,0
2268,ASIAN01,QTRIP02,global,775
2269,ASIAN01,QTRIP03,global,0
2270,TANIN01,QTRIS04,global,180
2271,TANIN01,QTRIS01,global,200
2272,SENTA01,QTSP 02,global,0
2273,SARIK02,QTUNT03,global,1218
2274,SARIK02,QTUNT05,global,0
2275,BERB01,CTURB04,global,0
2276,BERB01,CTURB02,global,0
2277,BERB01,CTURB01,global,0
2278,BERB01,CTURB03,global,0
2279,BERB01,CTURB07,global,0
2280,BERB01,CTURB05,global,0
2281,BERB01,CTURB06,global,0
2282,MITRA09,ATUTU08,global,200
2283,MITRA09,ATUTU06,global,1100
2284,MITRA09,ATUTU09,global,600
2285,GOLDE01,ATUTU04,global,9
2286,STARM01,ATUTU01,global,104
2287,STARM01,ATUTU02,global,45
2288,NONAM01,ATUTU05,global,1
2289,STARM01,ATUTU03,global,9
2290,MITRA09,ATUTU07,global,2510
2291,NONAM01,XTVLED04,global,0
2292,NONAM01,ZZTVLE06,global,0
2293,NONAM01,XTVLED01,global,0
2294,NONAM01,ZZTVL02,global,0
2295,FORUM02,ZZTVLE10,global,0
2296,NONAM01,ZZTVS02,global,0
2297,NONAM01,XTVLED05,global,0
2298,NONAM01,ZZTVLE09,global,0
2299,NONAM01,ZZTVL04,global,0
2300,NONAM01,ZZTVLE05,global,0
2301,NONAM01,XTVLED02,global,0
2302,NONAM01,XTVLED03,global,0
2303,NONAM01,ZZTVLG01,global,0
2304,NONAM01,ZZTVSA01,global,0
2305,SAPRO03,QULTR01,global,1050
2306,NONAM01,ZZUMBU07,global,0
2307,NONAM01,ZZUMBU04,global,0
2308,NONAM01,QUMBU01,global,0
2309,MITRA09,QUMBU02,global,0
2310,MITRA09,QUMBU05,global,0
2311,MITRA09,QUMBU03,global,0
2312,MITRA01,QUNIB01,global,1870
2313,MITRA01,QUNIB02,global,2640
2314,NUSAP01,AUNIF01,global,0
2315,SINER01,QUNIG02,global,190
2316,SINER01,QUNIG01,global,405
2317,NONAM01,AUNIH01,global,0
2318,SINER01,QUNIH01,global,11342
2319,SINER01,QUNIH03,global,1368
#N/A
2321,SINER01,QUNIH02,global,10086
2322,MITRA01,QUNIR02,global,3811
2323,MITRA01,QUNIR03,global,750
2324,MITRA01,QUNIR01,global,3340
2325,SINER01,QUNIS03,global,300
2326,SINER01,QUNIS02,global,1130
2327,SINER01,AUNIS01,global,9
2328,SINER01,AUNIS01,global,2583
2329,TANAM01,AUPRI02,global,0
2330,TANAM01,QUPRI02,global,440
2331,TANAM01,QUPRI01,global,2195
2332,SAPRO03,QUREC01,global,0
2333,NONAM01,XVACUM01,global,0
2334,ALFAB01,AVALL01,global,10
2335,ALFAB01,AVALL01,global,2145
2336,ADVAN01,QVALO02,global,20
2337,ADVAN01,QVALO01,global,200
2338,BAYER01,QVAYE01,global,0
2339,BAYER01,QVAYE02,global,0
2340,BAYER01,QVAYE03,global,728
2341,NONAM01,AVENT01,global,1
2342,MAJUM01,QVERT02,global,0
2343,SARAN08,AVETO01,global,0
2344,SARIK02,CVIAR01,global,0
2345,SARIK02,QVIAR01,global,391
2346,SARIK02,QVIAR02,global,3069
2347,TANIN01,QVICT04,global,997
2348,TANIN01,QVICT02,global,0
2349,SYNGE01,AVIRT01,global,0
2350,SYNGE01,AVIRT02,global,9787
2351,SYNGE01,AVIRT03,global,0
2352,MITRA09,AVISH01,global,73
2353,MITRA09,QVISH01,global,2082
2354,SARIK02,AVIST04,global,36
2355,SARIK02,AVIST01,global,671
2356,SARIK02,AVIST02,global,450
2357,SARIK02,AVIST03,global,1944
2358,WIDJA01,AVOLT01,global,5
2359,SINAR01,QWALA02,global,820
2360,SINAR01,QWALA03,global,1315
2361,MAJUM01,AWEND01,global,1644
2362,MAJUM01,AWEND05,global,0
2363,MAJUM01,QWEND01,global,22377
2364,AGRIC01,AWIN01,global,13940
2365,ASIAN01,QWIND08,global,0
2366,ASIAN01,QWIND06,global,8
2367,ASIAN01,QWIND07,global,72
2368,TANIN01,QWIND01,global,290
2369,TANIN01,QWIND03,global,100
2370,TANIN01,QWIND05,global,800
2371,NONAM01,ZZXBAN01,global,0
2372,KRIST01,QXYCO01,global,0
2373,KRIST01,QXYCO02,global,235
2374,KRIST01,QXYCO03,global,40
2375,ARYST01,AYOKO01,global,0
2376,STARM01,AYOTO01,global,103
2377,MITRA25,QYOUS01,global,750
2378,MITRA25,QYOUS02,global,285
2379,SAPRO03,QZAPA01,global,0
2380,ZENIT01,QZENC03,global,541
2381,ZENIT01,QZENC02,global,1768
2382,ZENIT01,QZENC01,global,2713
2383,ZENIT01,QZENP03,global,316
2384,ZENIT01,QZENP02,global,74
2385,ZENIT01,AZENP01,global,945
2386,ZENIT01,QZENP04,global,1425
2387,NONAM01,ZZZENT01,global,0
2388,LESTA01,QZINC01,global,65758
2389,SAPRO03,QZNUR01,global,46
